"observation_id","reference_log_pm25","surrogate_log_pm25","relative_humidity","site"
1,2.01369016411706,1.64067227395473,39.6727272727273,"AZ"
2,2.14364033120211,1.57673504235235,38.1004347826087,"AZ"
3,1.82314578304873,1.36108802964204,36.3204347826087,"AZ"
4,1.76234558402176,0.949473184480354,32.8969565217391,"AZ"
5,2.2239182499787,1.41953990056514,34.21,"AZ"
6,2.02249318980894,1.08148227722655,35.1895238095238,"AZ"
7,1.77418163796408,1.28194343666342,38.1509090909091,"AZ"
8,1.96254126844794,1.34501936545939,36.9086956521739,"AZ"
9,2.06906177080441,1.29270009958974,35.2565217391304,"AZ"
10,2.20970673651774,1.28117536218827,33.1230434782609,"AZ"
11,1.68398057270595,0.779125415346262,33.4330434782609,"AZ"
12,1.64480505627139,0.726581956646183,22.778,"AZ"
13,1.84811240577919,1.24565703570878,14.9191304347826,"AZ"
14,1.91481956198528,1.26506790368575,15.1214285714286,"AZ"
15,1.88706964903238,1.06275980968346,13.4491304347826,"AZ"
16,1.82454929205105,1.24790647429788,13.505652173913,"AZ"
17,1.82735041433076,1.3249969586895,22.4195652173913,"AZ"
18,1.75550405220504,1.18562366565774,16.7686363636364,"AZ"
19,2.0624501764721,1.56997369137431,16.3104347826087,"AZ"
20,1.95444505150515,1.44903439094108,14.033,"AZ"
21,2.00030422112111,1.42541055376093,13.1630434782609,"AZ"
22,1.89187900217042,1.21531730239015,13.885,"AZ"
23,2.01490302054226,1.3364873758152,22.15,"AZ"
24,1.72923911224672,1.20037543244481,35.1181818181818,"AZ"
25,1.2186472152552,0.424699230556741,37.33,"AZ"
26,1.46867546972536,0.775928609426964,31.1726086956522,"AZ"
27,1.49534371680752,0.745863375188111,25.6308695652174,"AZ"
28,1.53207679127663,0.894272318202151,22.9294444444444,"AZ"
29,2.19674136882235,1.62496885446498,41.8134782608696,"AZ"
30,2.13287927424581,1.83702375605398,25.9547826086957,"AZ"
31,1.96863142125444,1.13154235411106,23.0239130434783,"AZ"
32,1.70722436259169,1.04396409058267,23.7540909090909,"AZ"
33,2.0378266604442,1.05294766967207,34.3021739130435,"AZ"
34,2.03952493427439,1.42645526760438,27.0404347826087,"AZ"
35,1.90281800600052,1.57937136226277,23.0285714285714,"AZ"
36,2.04965445251325,1.71840929237215,23.6739130434783,"AZ"
37,1.78491793741134,1.65943946378983,26.8668181818182,"AZ"
38,1.86979347184051,1.79530390492548,26.0495652173913,"AZ"
39,1.72043468840612,1.60743590976343,28.7091304347826,"AZ"
40,1.93717646908656,1.56852533410111,35.0565217391304,"AZ"
41,1.88982068240427,1.54475392617154,36.7927272727273,"AZ"
42,1.81807677754543,1.60553028760308,30.732,"AZ"
43,2.09454430986559,1.56544059204332,24.4669565217391,"AZ"
44,2.19480619647194,2.00441341387125,18.5773913043478,"AZ"
45,1.83916841770829,1.41278810785189,21.0147826086957,"AZ"
46,1.62239705707661,0.806281747648344,31.6208695652174,"AZ"
47,1.80113566485661,1.41077486213878,28.1108695652174,"AZ"
48,1.78339121955754,1.29534963882521,36.1690909090909,"AZ"
49,2.07526617026936,1.87939234616827,28.6809523809524,"AZ"
50,1.84054963339749,1.44384521002442,20.2960869565217,"AZ"
51,1.70078769102233,1.01523067972906,16.4004347826087,"AZ"
52,1.84742723959959,1.29793820680463,16.2817391304348,"AZ"
53,2.21018372197872,2.02108676030364,17.1717391304348,"AZ"
54,1.76159903676798,1.37843748962467,44.5273913043478,"AZ"
55,1.93014019591402,1.41203172393588,63.2971428571429,"AZ"
56,1.6027489242833,0.71923255103562,40.557619047619,"AZ"
57,1.56770971033031,1.29031004109062,57.0947826086957,"AZ"
58,1.56589482779948,1.47704872438835,57.974347826087,"AZ"
59,1.96073478406912,1.760831548353,43.2618181818182,"AZ"
60,1.58719230348678,1.09041209210277,36.368,"AZ"
61,1.709017042158,1.30865073413386,24.2094117647059,"AZ"
62,1.85300309446877,1.33666173691748,20.1110526315789,"AZ"
63,2.06242253651024,1.52931186795482,24.0225,"AZ"
64,2.14315735606594,1.71018781553424,26.4415789473684,"AZ"
65,2.24014962205325,2.25725734877717,33.9642105263158,"AZ"
66,1.98288057997386,1.78362037588135,29.0463636363636,"AZ"
67,2.17573937588543,2.17633150064368,22.5326086956522,"AZ"
68,2.45100509811232,2.3399646473713,20.3873913043478,"AZ"
69,2.39194877361064,2.08556406507194,22.7230434782609,"AZ"
70,2.17691388448866,1.91306363528302,21.4014285714286,"AZ"
71,1.844869294542,1.47932922708708,19.8531818181818,"AZ"
72,1.66277260002085,1.17059585265479,10.055652173913,"AZ"
73,2.05857312924509,1.74548786994024,18.0017391304348,"AZ"
74,2.60558404347075,2.59177689479596,22.6378260869565,"AZ"
75,2.34468626901268,2.1420054583185,24.5115,"AZ"
76,1.98846976347411,1.57826128047238,27.5134782608696,"AZ"
77,2.2667326140094,2.2127555193671,22.9447826086957,"AZ"
78,2.11415797863761,1.85561841167824,19.4173913043478,"AZ"
79,1.93403871941459,1.24952792772453,24.8039130434783,"AZ"
80,2.25813333042321,1.96747714270218,20.2465217391304,"AZ"
81,2.52503275005609,2.46942510792318,20.1878260869565,"AZ"
82,1.99440449899392,1.58175387346429,13.7639130434783,"AZ"
83,2.28193863150905,1.96461608459471,18.8721739130435,"AZ"
84,2.43437584114078,2.20045606542574,21.31,"AZ"
85,2.52053872937992,2.52492832413749,25.5176470588235,"AZ"
86,1.22777810541177,0.509825123432407,8.29272727272727,"AZ"
87,2.36739531634766,2.33786829844207,17.9134782608696,"AZ"
88,2.70718025759367,2.93801104151504,17.9947826086957,"AZ"
89,1.99617807320994,1.91966820021718,15.6926086956522,"AZ"
90,2.24928477334673,1.86408013080768,17.7561904761905,"AZ"
91,1.90080882491568,1.43632599037739,12.01,"AZ"
92,1.96079876154906,1.65163496113389,11.138,"AZ"
93,2.76224125371436,2.91369247498207,15.2694117647059,"AZ"
94,3.24765762629365,3.36667494762373,19.4595,"AZ"
95,3.21658749435019,3.27983652465789,20.3764285714286,"AZ"
96,3.04864092920939,3.08907081398449,26.1113333333333,"AZ"
97,2.55489902160804,2.38540854619316,26.168,"AZ"
98,2.37722863598981,2.20676228181671,27.89125,"AZ"
99,1.98787434815435,1.73728652192312,33.2828571428571,"AZ"
100,2.35659968130028,2.2774211193305,33.298,"AZ"
101,2.24943248601631,2.30440696179453,24.2894117647059,"AZ"
102,2.69687690050408,2.88610340215348,31.3895238095238,"AZ"
103,2.5465627312111,2.66708199706345,27.76,"AZ"
104,2.37845621576615,2.44637981349354,26.9682352941176,"AZ"
105,2.0519846954468,1.85534267308424,26.5411111111111,"AZ"
106,2.49477839826715,2.50863092687131,29.5766666666667,"AZ"
107,2.94807608157961,3.14435119787857,33.8976923076923,"AZ"
108,2.91355766536498,3.07981807893296,27.2255555555556,"AZ"
109,3.40763494932058,3.62304008724332,31.8675,"AZ"
110,1.15418213982292,0.175153067315342,12.7885714285714,"AZ"
111,2.68695978844455,2.82293047710063,27.06,"AZ"
112,3.08295196217858,3.32011878410455,34.5418181818182,"AZ"
113,3.29680258312429,3.41335506072478,30.4647826086957,"AZ"
114,3.39173244023485,3.53050792248961,28.7517391304348,"AZ"
115,2.08256166901608,2.13735661362627,24.0845,"AZ"
116,2.13339433992807,2.27931646605469,62.884347826087,"AZ"
117,2.75697838197188,3.09905375527259,66.8973913043478,"AZ"
118,2.93685883491217,3.33228214691295,58.0573913043478,"AZ"
119,1.16042971969132,0.959350221334602,69.2647826086957,"AZ"
120,1.56043033332741,1.83529083356715,59.8208695652174,"AZ"
121,2.20175973250161,2.63332665490627,40.9772727272727,"AZ"
122,2.95779961938534,3.37961428137534,46.9083333333333,"AZ"
123,2.54987910454054,2.77819796100429,39.7861111111111,"AZ"
124,4.99093371432618,4.91238395120379,43.6978947368421,"AZ"
125,3.44417357596617,3.69996990103824,48.0986956521739,"AZ"
126,2.72411100925239,3.02810726380207,44.2228571428571,"AZ"
127,3.22579917151981,3.50487753893986,42.5089473684211,"AZ"
128,3.53032325087024,3.76764442274959,42.967,"AZ"
129,2.97668844920312,3.22981576490654,41.3845454545455,"AZ"
130,2.91804096583812,3.09774719896072,36.4245,"AZ"
131,2.78276405028143,2.95897398069928,33.265,"AZ"
132,2.66184759540491,2.85075904873057,38.3790909090909,"AZ"
133,1.74882171148844,1.70245297034139,40.4634782608696,"AZ"
134,2.33491398010941,2.55208305768862,34.9061904761905,"AZ"
135,3.13212887572436,3.39035089180267,36.7313636363636,"AZ"
136,2.99071973173045,3.25424296870549,37.044347826087,"AZ"
137,2.98976210656749,3.25943264137473,35.1219047619048,"AZ"
138,2.90316831941769,3.19359531222573,37.225,"AZ"
139,2.99093819158932,3.18902602376886,40.135652173913,"AZ"
140,2.01141869645965,1.92431212217356,50.8617391304348,"AZ"
141,3.30049588318759,3.62386545763704,44.6104347826087,"AZ"
142,3.62318084003883,3.80658519209694,33.9739130434783,"AZ"
143,2.61181896233264,2.67352448094648,29.7952380952381,"AZ"
144,1.93296963777958,2.06204102699967,49.018,"AZ"
145,2.17190676935193,2.95978120926833,71.2675,"AZ"
146,1.55814461804655,0.972040746978647,8.85,"AZ"
147,1.96923840154622,1.58683658983252,17.6378260869565,"AZ"
148,1.93717646908656,1.60446906640047,17.6095652173913,"AZ"
149,1.58300465536594,1.16233525994398,20.195652173913,"AZ"
150,1.84605549727201,1.58345098431779,24.7513043478261,"AZ"
151,1.9830982196722,1.61420912079124,23.7965217391304,"AZ"
152,1.79826003383115,1.54097285194098,23.5065217391304,"AZ"
153,1.86001132549029,1.70327514651442,27.6485714285714,"AZ"
154,2.05245009313752,1.74427280296207,18.5682608695652,"AZ"
155,2.04009038523659,1.5597908595012,18.6986956521739,"AZ"
156,1.81539107376133,1.23319385430555,15.3986956521739,"AZ"
157,2.14923119709942,1.7312707077474,16.4408695652174,"AZ"
158,2.00030422112111,1.53892214279576,15.2826086956522,"AZ"
159,2.02537432040956,1.61740608208328,13.7084210526316,"AZ"
160,2.27838149125316,1.91922175740228,15.3147826086957,"AZ"
161,2.31554423763655,1.95542990939591,15.8939130434783,"AZ"
162,2.05412373369555,1.60232174336569,14.5340909090909,"AZ"
163,1.74957785519176,1.03873919597711,13.3430434782609,"AZ"
164,1.86837751602023,1.53375605279635,17.0716666666667,"AZ"
165,2.17869649977518,1.80120744978898,15.1491304347826,"AZ"
166,2.10413415427021,1.82833717536798,16.2311764705882,"AZ"
167,2.13838407731329,1.50693046575868,6.70428571428571,"AZ"
168,2.15229060485696,1.70747165270547,12.5518181818182,"AZ"
169,2.02501049762032,1.70708302649421,12.6561904761905,"AZ"
170,2.24495598015741,2.00861663589956,18.2435,"AZ"
171,1.94528883806919,1.68082790852077,20.825652173913,"AZ"
172,1.87040259654717,1.57192483135599,22.5768181818182,"AZ"
173,1.69744878975681,1.31143610757546,16.3755,"AZ"
174,1.82033284167211,0.977344928929115,18.6960869565217,"AZ"
175,1.74427280296207,1.06155734448521,18.9730434782609,"AZ"
176,2.09947756844026,1.64443727399435,19.8114285714286,"AZ"
177,1.93083104222819,1.37744580404341,18.65,"AZ"
178,1.97347697888797,1.30892019117955,15.564347826087,"AZ"
179,1.84261788646155,1.15933920704235,15.2921739130435,"AZ"
180,1.61117553233264,0.699215686396326,16.2395652173913,"AZ"
181,1.56024766824333,0.888919535078023,12.314,"AZ"
182,1.31908561142644,0.700122794296371,7.426,"AZ"
183,1.94461060371323,1.4943331053016,12.9331818181818,"AZ"
184,1.50810966030421,0.776401508671863,14.1759090909091,"AZ"
185,1.7404661748405,1.28661940637148,14.3784210526316,"AZ"
186,1.33894066473642,0.700619195398646,10.982,"AZ"
187,2.03874354740774,1.54533104415278,13.2038095238095,"AZ"
188,2.15277281476539,1.50889668321222,12.9139130434783,"AZ"
189,1.80305902448199,1.11110962816466,11.4854545454545,"AZ"
190,2.04369099101821,1.48225368083666,12.8452380952381,"AZ"
191,2.00577053697899,1.55267514224201,13.875,"AZ"
192,1.82820827893609,1.23692390446562,15.91,"AZ"
193,1.79017090654292,1.32340527257096,14.4666666666667,"AZ"
194,1.81482474215905,1.32945942436735,15.3305,"AZ"
195,1.89580332900113,1.53153326834997,13.5752631578947,"AZ"
196,1.9963186984299,1.95275740132567,14.6119047619048,"AZ"
197,2.06410717767973,1.85439400502232,12.9539130434783,"AZ"
198,1.92011444380984,1.31243719363245,23.6760869565217,"AZ"
199,1.93152141160321,1.6091770088365,20.0265217391304,"AZ"
200,1.7419905653796,1.21993173694755,12.73,"AZ"
201,1.06652397411661,0.330817179137868,8.39473684210526,"AZ"
202,1.81113574819119,1.20701166058245,12.385652173913,"AZ"
203,2.44051469404114,2.0673955955053,13.8021052631579,"AZ"
204,2.0771662278427,1.72762490689218,11.9936363636364,"AZ"
205,1.69394615920561,1.25016218679531,9.40409090909091,"AZ"
206,1.77789569372827,1.36963461587872,9.2704347826087,"AZ"
207,1.77879703077248,0.958130390217064,11.6295454545455,"AZ"
208,1.7609878105613,1.14190395830141,11.4181818181818,"AZ"
209,1.43053906291765,0.625429006504994,12.3490476190476,"AZ"
210,1.52279010570843,0.633927820899974,12.083,"AZ"
211,1.5910887737659,0.610259520754178,13.3245454545455,"AZ"
212,1.65301973149639,0.834488902094622,12.6309090909091,"AZ"
213,1.87313907549643,1.17543912863649,12.0391304347826,"AZ"
214,1.75699547679172,1.08146612983314,11.2905,"AZ"
215,1.73958859689915,0.753301103379692,10.3885,"AZ"
216,1.87807616053501,1.12640430599777,11.6290909090909,"AZ"
217,1.77737073177596,0.912665119659097,10.8366666666667,"AZ"
218,2.00882397446588,1.16130251184579,10.7513636363636,"AZ"
219,2.76202172401364,2.7011171319153,12.6831818181818,"AZ"
220,1.65048845226446,0.829590994631503,14.4385714285714,"AZ"
221,1.71941276564267,0.931917987759854,14.58875,"AZ"
222,1.68639895357023,0.815364813284195,16.8291304347826,"AZ"
223,1.59885580310356,0.787499964407943,14.3147368421053,"AZ"
224,1.85002837735203,0.890767774643069,14.385,"AZ"
225,2.23780411822454,1.14653627694969,25.1668181818182,"AZ"
226,2.34591821770042,1.74953106289376,21.2366666666667,"AZ"
227,2.69726763998351,2.09817795712536,16.1591304347826,"AZ"
228,1.9084837435362,1.14951661852988,10.9042857142857,"AZ"
229,1.96587753456918,1.05717736124482,12.8264705882353,"AZ"
230,1.83979348969416,0.974918964471993,16.8504761904762,"AZ"
231,1.77090867374786,0.879429138569997,14.3080952380952,"AZ"
232,1.86149280724273,0.98900998510192,17.3580952380952,"AZ"
233,1.94448055624572,1.19921148722423,18.041,"AZ"
234,2.04769284336526,1.5207060479899,18.5381818181818,"AZ"
235,2.09445978020267,1.61101561457572,15.3910526315789,"AZ"
236,2.10717829665144,1.74772050023411,18.845,"AZ"
237,2.19475238819083,1.99500261068775,17.7172222222222,"AZ"
238,1.84582669049833,1.1761610465417,17.387619047619,"AZ"
239,1.64460182489177,0.572465210207685,15.0310526315789,"AZ"
240,1.60140574073684,0.533271812595821,16.1265,"AZ"
241,1.71625191671991,1.04091897243509,17.0468181818182,"AZ"
242,1.80828877117927,0.839679629502315,13.565625,"AZ"
243,1.96711235670592,1.19255790151064,16.142,"AZ"
244,1.98787434815435,1.30213605311267,22.1004761904762,"AZ"
245,1.92822216743599,1.2987043043307,24.975,"AZ"
246,1.56861591791385,0.877450898557891,31.4338095238095,"AZ"
247,1.71765149707433,1.3244189574018,29.5238095238095,"AZ"
248,1.7980886042797,1.25967778148595,19.7357142857143,"AZ"
249,1.84773873696996,1.20868893858874,17.1568181818182,"AZ"
250,1.58534036085504,0.898223740347564,19.9733333333333,"AZ"
251,1.62577433175379,0.908495723702252,14.1329411764706,"AZ"
252,1.69692536655722,1.2086760125965,15.4947619047619,"AZ"
253,1.74546618525721,1.20039498297805,15.3814285714286,"AZ"
254,2.00212329389587,1.52388002407245,24.5514285714286,"AZ"
255,1.76729599704968,1.37548616240329,21.284,"AZ"
256,2.07568449280212,1.62442504224235,22.5925,"AZ"
257,1.90915256532013,1.46349903729194,17.35,"AZ"
258,1.8791014793832,1.37624402526639,18.9133333333333,"AZ"
259,1.82914700129968,1.23214368129263,12.1757142857143,"AZ"
260,1.9143240832188,1.44234104610715,16.4147058823529,"AZ"
261,1.97468470850337,1.54793246802471,15.8813043478261,"AZ"
262,1.83220043878657,1.31551417905884,11.8404761904762,"AZ"
263,1.94396019718623,1.4053168267716,12.0854545454545,"AZ"
264,1.86829954635039,1.52140121659627,17.4040909090909,"AZ"
265,2.05732373642622,1.56694786081315,21.8615,"AZ"
266,2.20460468463384,1.85904718405764,19.1314285714286,"AZ"
267,2.36309766371506,1.79824632054846,19.3585714285714,"AZ"
268,1.99470031322475,1.78933228357044,19.8168181818182,"AZ"
269,2.1669736164162,1.55757029047261,19.9695454545455,"AZ"
270,2.75123131547159,1.81443688969327,17.6728571428571,"AZ"
271,2.96010509591084,2.80664048193192,17.1289473684211,"AZ"
272,2.67893477881411,2.82114594002465,17.1604347826087,"AZ"
273,2.28459820754481,2.01443914485263,20.7560869565217,"AZ"
274,2.59752338399539,2.76869528306739,33.2291304347826,"AZ"
275,2.04651913431033,1.72016581604105,31.2831818181818,"AZ"
276,2.31451366385932,2.68016499761267,26.4925,"AZ"
277,2.81839825827108,3.35968070145922,10.09,"AZ"
278,3.01766392017682,3.18531004889751,18.4452173913043,"AZ"
279,2.94074796522123,3.39417276672519,18.2025,"AZ"
280,2.75918406249114,3.08914341813022,20.9913043478261,"AZ"
281,2.71411870693859,3.11721858852659,19.3260869565217,"AZ"
282,2.28149468033639,2.52021783548197,24.7639130434783,"AZ"
283,2.15125651424742,2.12657401794377,33.4208695652174,"AZ"
284,2.04430770395789,2.00680684270039,45.2819047619048,"AZ"
285,1.73861774547872,1.54689039039789,30.77,"AZ"
286,1.73326326254645,1.46409679902421,34.2395454545455,"AZ"
287,1.88990653036758,1.86194607237821,32.234375,"AZ"
288,2.22178813268953,2.06854910051341,19.55,"AZ"
289,2.2160930616406,2.05473404802636,13.19,"AZ"
290,2.11782578468815,1.85330438355793,15.2826086956522,"AZ"
291,2.19432181767826,1.98160098926823,17.5691304347826,"AZ"
292,2.44385818034887,2.49000234032851,28.9773913043478,"AZ"
293,2.13120347623843,1.52562142634099,12.954,"AZ"
294,1.88575125727912,1.5456179736341,15.8226086956522,"AZ"
295,2.48609641792359,2.33781433432819,21.2242857142857,"AZ"
296,2.61453550989237,2.6768436652814,22.6521739130435,"AZ"
297,2.86938001808875,3.2756998833007,21.7221739130435,"AZ"
298,2.53645353520703,2.82960068815869,17.9486956521739,"AZ"
299,2.43778176493763,2.57718192589717,18.4852380952381,"AZ"
300,2.57832109442743,2.59771436608088,17.253,"AZ"
301,2.34180580614733,2.28574849745619,13.5934782608696,"AZ"
302,2.45100509811232,2.61999480104924,14.255652173913,"AZ"
303,2.57493280144572,2.84819014385987,16.1726086956522,"AZ"
304,2.84970071816524,3.08866809529785,18.1926086956522,"AZ"
305,2.77231694618158,2.9749526474107,17.5004347826087,"AZ"
306,2.45212890418677,2.60169079702738,21.1052173913043,"AZ"
307,2.27897522735491,2.47849726460282,19.6555555555556,"AZ"
308,2.24440313761131,2.26022205660602,17.0252173913043,"AZ"
309,2.36208376146976,2.24670463459959,16.9765217391304,"AZ"
310,2.07015946575547,2.002595711298,16.6178260869565,"AZ"
311,2.22344777243532,2.17707116388409,17.4773913043478,"AZ"
312,2.22579794978028,2.03254360785197,16.055652173913,"AZ"
313,2.39645883491671,2.19611284848353,15.2878947368421,"AZ"
314,2.71900447610567,2.52252351335931,17.7547826086957,"AZ"
315,2.51312784754978,2.40627900324498,16.0621739130435,"AZ"
316,2.6452878793659,2.4529428745826,17.873125,"AZ"
317,2.17820425265719,2.40721925796655,48.1973913043478,"CO"
318,2.14770951280884,2.79084497121837,47.7365217391304,"CO"
319,2.1618226502853,2.20180345025977,32.2973913043478,"CO"
320,1.87780419558659,1.73672156766028,28.2595652173913,"CO"
321,1.73741040470103,1.48751588818727,33.7486956521739,"CO"
322,2.0172191767601,1.94653107425378,33.5108695652174,"CO"
323,2.23094897966649,2.45612689183872,45.1517391304348,"CO"
324,1.95210211930323,2.11279221701332,40.2908695652174,"CO"
325,1.83501328707633,1.59375028516087,33.3895652173913,"CO"
326,1.81184622779479,1.84433816901206,38.085652173913,"CO"
327,1.83778529162334,1.55254544788124,33.164347826087,"CO"
328,1.95948222660086,1.63739137446353,28.085652173913,"CO"
329,2.00089228347267,1.86347327329942,26.8417391304348,"CO"
330,2.40264587555697,2.72601485027938,38.4571428571429,"CO"
331,2.17869649977518,2.11902799061922,27.0708695652174,"CO"
332,2.34389392551119,2.53469700373196,33.3578260869565,"CO"
333,2.3468099867319,2.39983015859225,25.2278260869565,"CO"
334,2.44076475655808,2.43013842529661,20.2604545454545,"CO"
335,2.38676638210366,2.53107087091024,41.135652173913,"CO"
336,2.08323867127604,2.22626732317542,44.9652173913043,"CO"
337,2.13184834631946,2.06465890183166,28.6226086956522,"CO"
338,2.06961076889671,2.15630193362862,35.9760869565217,"CO"
339,1.92138832933243,1.65789675878389,22.4782608695652,"CO"
340,1.91947689198716,1.58888021753742,28.5434782608696,"CO"
341,2.02010684841729,1.88185184385855,38.1708695652174,"CO"
342,2.01807259530354,1.90763592661386,35.2728571428571,"CO"
343,1.9896595316097,1.71794131014693,18.5865217391304,"CO"
344,2.40144627278148,2.55769905717278,41.0613043478261,"CO"
345,2.35880103386033,2.65940785209454,38.7204347826087,"CO"
346,2.23925795904277,2.36123986148423,30.9627272727273,"CO"
347,2.05912791428012,1.98190061473864,21.5486956521739,"CO"
348,2.32494200009532,2.43810364035292,29.2030434782609,"CO"
349,2.2867460289643,2.36112350657714,42.5407142857143,"CO"
350,2.63587767669788,3.09648217665413,36.8988888888889,"CO"
351,1.67098282676398,1.26302073624953,36.964347826087,"CO"
352,2.00733824777849,1.8984669034706,28.864347826087,"CO"
353,2.19432181767826,2.17494933041673,27.4408695652174,"CO"
354,2.08377994327843,1.97751714478397,23.4421739130435,"CO"
355,2.22673647636254,2.18090861816527,22.7817391304348,"CO"
356,1.77737073177596,1.42104079387825,29.6214285714286,"CO"
357,2.04516510715065,1.65715089209369,30.2269565217391,"CO"
358,2.14118598444196,1.80343705182571,32.6366666666667,"CO"
359,1.88706964903238,1.55410902603377,29.5873913043478,"CO"
360,1.78083039869586,1.10165114492462,22.1095652173913,"CO"
361,1.73357751384532,1.34172895572832,42.7747826086957,"CO"
362,1.79537610969824,1.48947859735512,29.7965217391304,"CO"
363,1.95825598487761,1.60175631041615,23.8804347826087,"CO"
364,1.92710081709782,1.56070426840651,27.3895652173913,"CO"
365,2.19238195286043,1.78587261040892,38.0595652173913,"CO"
366,1.76606998311274,0.953837804469407,29.1960869565217,"CO"
367,1.8744741891794,1.61368973019785,46.0834782608696,"CO"
368,2.04741229910756,2.07764645321129,39.23,"CO"
369,1.68639895357023,1.37287134078775,30.6404761904762,"CO"
370,1.96376226982063,2.04707554207457,63.8430434782609,"CO"
371,2.21920348405499,2.4162113530689,45.8677777777778,"CO"
372,2.43665981624862,2.70607724160422,44.9234782608696,"CO"
373,2.70318992421996,2.8291945844613,35.3918181818182,"CO"
374,1.53826876152455,0.871293365943419,24.4517391304348,"CO"
375,1.9813012739955,1.77465753958878,27.8213043478261,"CO"
376,2.1865396772362,2.01072037240893,19.7613043478261,"CO"
377,2.09186406167839,1.24451475963887,10.38375,"CO"
378,1.52036908437446,1.07366602072153,58.9091304347826,"CO"
379,2.13236394313418,2.3021937120667,42.1360869565217,"CO"
380,2.09132714891382,2.10942237389177,31.8991304347826,"CO"
381,2.07399193691227,2.12069822431822,25.8152173913043,"CO"
382,2.12709727577866,2.03806135568542,23.2952380952381,"CO"
383,1.98429439206363,1.80020199150261,29.4369565217391,"CO"
384,2.09597084363105,1.9552316479431,13.0455555555556,"CO"
385,2.034989779109,1.84447566385622,19.1265217391304,"CO"
386,2.12564035949117,1.92969239277161,23.4613043478261,"CO"
387,1.5494109380778,1.07633704174862,27.0708695652174,"CO"
388,1.5494109380778,1.27960445980493,24.5947826086957,"CO"
389,1.21607321126002,0.63312020620364,24.1373913043478,"CO"
390,1.06770475120503,0.317979310298377,28.5517391304348,"CO"
391,1.65584428524826,0.962219663762555,38.32,"CO"
392,1.78812970117748,1.83508268092112,52.5995652173913,"CO"
393,1.74730770665722,1.64882583568726,38.4321739130435,"CO"
394,1.53826876152455,1.21129376665202,32.0869565217391,"CO"
395,1.42467860412821,0.849407434911569,60.1430434782609,"CO"
396,1.81892339816888,1.83265102654615,52.854347826087,"CO"
397,1.97829917026973,2.29002832485418,53.42,"CO"
398,1.79969888300025,1.72346511148754,43.0817391304348,"CO"
399,2.44574390596896,2.76836787044271,38.2404347826087,"CO"
400,2.52772664697093,2.88919050493596,41.2525,"CO"
401,2.66420431555688,3.09155615538293,43.1130434782609,"CO"
402,3.07390031544015,3.64796687578095,44.0630434782609,"CO"
403,2.23560882034453,2.43086358281538,41.4365217391304,"CO"
404,3.14602458777567,3.73072006010812,51.0260869565217,"CO"
405,2.32781956417259,2.48906465993666,48.5722222222222,"CO"
406,2.0332837792639,2.27445396679007,55.83,"CO"
407,2.51277554879679,2.97273062178753,42.1873913043478,"CO"
408,1.52511067694704,0.988409148534495,22.0347826086957,"CO"
409,2.24163433104318,2.36666155087509,26.3226086956522,"CO"
410,1.93717646908656,1.95253412474088,53.5721739130435,"CO"
411,2.27525857994868,2.49072303510944,40.9560869565217,"CO"
412,1.56629841977348,0.925580778781248,23.4477777777778,"CO"
413,1.9124368629108,1.91551497230538,42.6960869565217,"CO"
414,2.4205613466976,2.46300181439995,36.5813043478261,"CO"
415,2.31253542384721,2.3905561542669,30.4113043478261,"CO"
416,1.72431818843252,1.56653041142282,43.0473913043478,"CO"
417,1.36653521113943,1.003186160113,24.5321739130435,"CO"
418,1.94726976857135,1.71833502410026,32.9228571428571,"CO"
419,1.94412283848122,1.604174082759,41.79375,"CO"
420,1.85968897360818,1.98477246067558,67.5686956521739,"CO"
421,2.1009477469008,2.33163722405434,58.8065217391304,"CO"
422,2.17721903090262,2.47781635556298,46.4686956521739,"CO"
423,2.05077364681026,2.1848292308815,35.1213043478261,"CO"
424,1.75635754217714,1.45446080425246,38.0404347826087,"CO"
425,1.52416415534301,1.32418766331034,65.1060869565217,"CO"
426,2.46477788235739,2.84902124209063,50.105652173913,"CO"
427,3.06562329231054,3.7444478364075,50.6086956521739,"CO"
428,3.34898833629486,3.99655595132437,58.5691304347826,"CO"
429,2.22673647636254,2.54156775802744,40.5678260869565,"CO"
430,2.12874917028514,2.19058422140428,42.0234782608696,"CO"
431,2.87208971305872,3.38880203520744,45.0673913043478,"CO"
432,2.06576143777576,2.33580960393516,34.48,"CO"
433,3.01763353750709,3.30625856146674,26.96,"CO"
434,2.72557686724524,3.15046663393828,54.0752173913043,"CO"
435,2.57194821955854,3.07448317730835,56.8282608695652,"CO"
436,2.44358850045727,2.90601594277191,48.6514285714286,"CO"
437,1.66770682055808,1.45171564468195,34.9839130434783,"CO"
438,1.6896143904242,1.61912992322728,41.4165217391304,"CO"
439,2.56294065240046,2.99451414062689,49.2747826086957,"CO"
440,2.71941395975253,2.92791218347775,24.7342857142857,"CO"
441,1.86979347184051,1.66037897088081,31.1317391304348,"CO"
442,1.17126993424419,0.427254961040574,31.9339130434783,"CO"
443,1.82454929205105,1.45638807573201,37.1613043478261,"CO"
444,2.61707842289648,3.19310306391017,52.3804347826087,"CO"
445,1.97649357242739,2.18340978422728,39.5382608695652,"CO"
446,1.7312707077474,1.29174476156628,26.3639130434783,"CO"
447,2.16332302566054,1.80236964834007,12.508,"CO"
448,2.41513707923288,2.45925433770292,27.9217391304348,"CO"
449,2.09132714891382,1.95678250720434,29.585652173913,"CO"
450,2.0712559570934,1.92703752395561,26.3030434782609,"CO"
451,2.1693021167166,2.15484138087723,20.21,"CO"
452,2.38788866330531,2.38499861443996,24.1561904761905,"CO"
453,2.37227337480109,2.40573011277405,25.9204347826087,"CO"
454,2.18311585388665,2.31850123479857,31.7539130434783,"CO"
455,2.09801792725277,2.37583555473364,47.06,"CO"
456,2.93547443229143,3.45348728072353,49.2747826086957,"CO"
457,2.53369681395743,3.06572464537403,60.0269565217391,"CO"
458,1.72043468840612,1.5106259563879,41.0439130434783,"CO"
459,1.69760803810495,1.39473688339445,34.3221739130435,"CO"
460,1.8287480385974,1.56743768784144,30.8617391304348,"CO"
461,2.16781069212993,2.32093739371258,33.1365217391304,"CO"
462,1.53147637096439,0.864997437486605,23.3075,"CO"
463,1.36431545440112,0.709533920674718,30.6586956521739,"CO"
464,1.47565804173649,0.858293091301636,32.324347826087,"CO"
465,1.23268701192268,0.413835773234701,27.3513043478261,"CO"
466,1.33385624691641,0.870201265361632,27.4604347826087,"CO"
467,1.39063276271849,0.69445067846339,21.5304347826087,"CO"
468,1.7227665977411,1.19240616795447,19.2975,"CO"
469,1.50504311389623,0.881249100269399,24.4495652173913,"CO"
470,1.80328697439912,1.50194953060924,43.5713043478261,"CO"
471,2.45586582931276,2.63332665490627,42.2639130434783,"CO"
472,1.5954271753645,1.3266135872171,27.89,"CO"
473,1.91820056762755,1.70387814872989,28.6134782608696,"CO"
474,1.9830982196722,1.66359666269625,25.9139130434783,"CO"
475,1.89545192778518,1.08518926833597,24.3366666666667,"CO"
476,1.95886929369782,1.35066718347674,33.2152173913043,"CO"
477,2.28016164303612,2.22818945405014,33.4013043478261,"CO"
478,1.39279492572298,0.518017094346995,20.9330434782609,"CO"
479,2.3559197805808,2.4256488470718,32.8369565217391,"CO"
480,2.40890167321559,2.46673529993065,31.525652173913,"CO"
481,3.05235914518422,3.14458322028635,26.1365217391304,"CO"
482,1.09490170927157,0.0759317049670142,21.5811111111111,"CO"
483,1.7312707077474,1.14602123714834,28.7104347826087,"CO"
484,2.12978329654069,2.01037102742721,32.6860869565217,"CO"
485,2.484906649788,2.54091706193092,30.0782608695652,"CO"
486,1.91628302149828,1.71481581924505,28.2886956521739,"CO"
487,2.16382265095197,2.06366557908567,37.7378260869565,"CO"
488,1.96741635427628,1.92577081911843,34.7717391304348,"CO"
489,1.88200634707583,1.5586123449026,34.2666666666667,"CO"
490,2.60761580378044,3.02939728932075,53.297619047619,"CO"
491,1.60682580820618,1.19207623294867,41.475652173913,"CO"
492,1.47267147903874,0.973410497624281,26.9104347826087,"CO"
493,1.1058325366416,0.359193508820345,12.6491304347826,"CO"
494,1.69521664597287,1.45821049194966,52.9269565217391,"CO"
495,1.52888782969079,0.963174317773006,54.2665217391304,"CO"
496,2.16731305589174,2.20011893536258,39.2473913043478,"CO"
497,1.7312707077474,1.45120645377528,32.304347826087,"CO"
498,1.35089243406897,0.742765159346187,58.755652173913,"CO"
499,2.53335168884615,2.86225056913598,49.2647826086957,"CO"
500,2.10519403778225,2.41323161308111,54.964347826087,"CO"
501,2.47945704502044,2.89559961470203,48.2182608695652,"CO"
502,2.04628933436294,2.16172254517485,48.2982608695652,"CO"
503,2.46957228578789,2.94485079367271,44.3295652173913,"CO"
504,2.33425226624642,2.67456835144426,53.1308695652174,"CO"
505,3.13466571546751,3.59054446609107,43.1519047619048,"CO"
506,1.67709656090792,1.3230882852161,26.7,"CO"
507,2.43055758526097,2.69206809240863,42.5982608695652,"CO"
508,2.73210634395645,3.1516949752738,44.1617391304348,"CO"
509,1.83847709379551,1.68066596520058,43.175652173913,"CO"
510,2.10819095496582,2.11209694686703,50.9744444444444,"CO"
511,2.32664123584828,2.53837872832091,44.1026086956522,"CO"
512,2.47252877165012,2.73529472320878,36.8309523809524,"CO"
513,2.38356381731679,2.40447437348884,30.4269565217391,"CO"
514,2.14720176971593,2.13950334529727,45.0939130434783,"CO"
515,1.90599354164987,1.88032760485441,40.1673913043478,"CO"
516,1.44024715936813,0.401980784025553,31.4786956521739,"CO"
517,1.55462967593911,0.899257599317915,17.6455555555556,"CO"
518,1.37646358833676,0.627564636359038,25.195652173913,"CO"
519,1.32619043705019,0.682615728507604,19.6680952380952,"CO"
520,1.92075158941916,1.63899671467564,25.5634782608696,"CO"
521,1.83847709379551,1.6349361389246,33.7678260869565,"CO"
522,2.41358186896607,2.81084220356108,51.534347826087,"CO"
523,1.66442004685145,1.25499649715686,23.6613043478261,"CO"
524,1.4891517465596,0.570979546585738,10.05,"CO"
525,1.52226842017811,0.702236184917141,27.1265217391304,"CO"
526,1.89494370546329,1.61524709337816,30.2130434782609,"CO"
527,1.79753983214355,1.38302816333327,21.6526086956522,"CO"
528,1.61487763572992,1.17318552053711,22.9259090909091,"CO"
529,2.05579457786036,2.23927480277922,49.6821739130435,"CO"
530,1.86306849693284,1.61697465707982,32.8634782608696,"CO"
531,1.40118297361364,0.496523839055131,14.733,"CO"
532,1.42467860412821,0.820354269039026,30.7717391304348,"CO"
533,1.90340454343997,1.95358250447367,51.2608695652174,"CO"
534,2.24808299456971,2.59379354913541,52.8378260869565,"CO"
535,2.48599301600022,2.92514651919562,51.3339130434783,"CO"
536,2.55452734347701,2.88865530979618,41.9573913043478,"CO"
537,2.16282315061889,2.36220665436876,54.2652173913043,"CO"
538,2.11625551480255,2.05636481034986,19.88125,"CO"
539,1.57403598538318,1.44773706254019,71.0426086956522,"CO"
540,2.1870278393157,2.36404823783207,58.1069565217391,"CO"
541,2.74699216860909,3.22395853814271,47.4982608695652,"CO"
542,2.26447680434539,2.5865537575339,48.7617391304348,"CO"
543,1.57942683401806,1.1883735045712,29.9808695652174,"CO"
544,1.32695966785735,0.825128459335059,37.2182608695652,"CO"
545,1.28401551199947,0.373859768692833,11.8944444444444,"CO"
546,2.12978329654069,2.11352785889401,37.524347826087,"CO"
547,2.28371246789434,2.47350127536493,50.8660869565217,"CO"
548,1.56770971033031,1.30868528396682,44.3360869565217,"CO"
549,1.55401711849269,1.19049102786111,26.5786956521739,"CO"
550,1.8890439833361,1.67498136324327,29.6552173913043,"CO"
551,1.59408252435091,1.08743898806998,27.3261904761905,"CO"
552,1.6005092816898,0.873151239213537,13.9588888888889,"CO"
553,1.63179481953538,1.24290083251068,56.8291304347826,"CO"
554,2.24808299456971,2.43905238902469,46.915652173913,"CO"
555,1.96437221189505,1.94186471021001,33.31,"CO"
556,1.69441824273685,1.29959913968142,30.0639130434783,"CO"
557,1.80971327284465,1.52539445881529,22.2621739130435,"CO"
558,1.75259672540901,1.20766164435574,16.5652173913043,"CO"
559,1.83418018511201,1.05674808456941,13.154,"CO"
560,2.17079132026806,2.00100985445628,35.1595652173913,"CO"
561,2.13853045804984,2.12527703454492,31.1017391304348,"CO"
562,1.55401711849269,0.971931085831481,20.4408695652174,"CO"
563,1.77789569372827,1.37613422565058,44.9569565217391,"CO"
564,1.96254126844794,1.93183642184365,50.1247826086957,"CO"
565,2.07726526225724,2.25376014561099,39.2691304347826,"CO"
566,1.76766191764899,1.29394408219808,19.8571428571429,"CO"
567,1.8650907423136,1.93290671501725,62.2808695652174,"CO"
568,2.65721446792145,3.10810941933429,45.7652173913043,"CO"
569,2.99725285601272,3.45801596320848,39.274347826087,"CO"
570,2.10254221973396,2.14643967136836,41.7078260869565,"CO"
571,1.79681911139164,1.47873481454729,33.295652173913,"CO"
572,2.10994966101182,1.96418926833263,29.6313043478261,"CO"
573,1.80097612433298,1.03080918531675,21.8422222222222,"CO"
574,1.63688388904285,1.08987860869936,26.1030434782609,"CO"
575,1.25027540502357,0.375454029692125,41.4604347826087,"CO"
576,1.48653308712536,0.997590174608882,36.5908695652174,"CO"
577,1.7351124335634,1.37964184735496,24.045652173913,"CO"
578,1.60420686301655,0.869836966632648,25.5939130434783,"CO"
579,1.63296840984429,0.876063798365211,20.2738095238095,"CO"
580,1.60743590976343,0.78435806061333,14.072,"CO"
581,1.87713908082978,1.4409678059222,23.9313043478261,"CO"
582,1.8329292293578,0.976853970732526,21.7278260869565,"CO"
583,1.93905440391076,1.63306951696738,45.2460869565217,"CO"
584,2.29077651492935,2.5616999366502,52.1378260869565,"CO"
585,1.63264479833708,1.09991578657155,37.2117391304348,"CO"
586,1.62667971886861,1.10323924891826,28.3226086956522,"CO"
587,2.09869935828425,1.90426109303725,19.6522222222222,"CO"
588,2.08052790789206,1.66194785770606,26.55,"CO"
589,1.49339249667626,0.81690268363727,32.8513043478261,"CO"
590,1.75710801125551,1.39678264453862,31.2365217391304,"CO"
591,1.6611224346299,1.2162020689369,29.9713043478261,"CO"
592,2.21446638377073,2.35954058769657,44.4760869565217,"CO"
593,2.85756429823334,3.27664146171834,51.5966666666667,"CO"
594,1.7267269989572,0.920725328942021,12.3811111111111,"CO"
595,2.35633189680341,2.54890154492686,40.5491304347826,"CO"
596,1.78375651636525,1.40865126822117,40.3886956521739,"CO"
597,1.63941874464604,1.50937733691049,47.784347826087,"CO"
598,1.7830257892593,1.65316351349287,35.4108695652174,"CO"
599,2.27212588550934,2.50751154201144,39.945652173913,"CO"
600,1.96437221189505,1.66614694995732,27.4491304347826,"CO"
601,1.65079309811601,0.664404711694291,9.88555555555556,"CO"
602,1.50504311389623,0.427254961040575,21.1030434782609,"CO"
603,1.63179481953538,0.916812334946052,20.18,"CO"
604,1.88178562088577,1.30314901916363,26.854347826087,"CO"
605,1.83979348969416,1.57247750001825,45.1642857142857,"CO"
606,1.41908418394288,0.607952334496713,16.4533333333333,"CO"
607,1.54329810992956,0.725130226412996,18.991,"CO"
608,2.00792218940092,2.03128976065704,47.4673913043478,"CO"
609,2.20922952343304,2.35216169732074,39.2121739130435,"CO"
610,1.8982063510981,1.62299773500259,33.0813043478261,"CO"
611,1.96009478404727,1.90735008718912,37.3417391304348,"CO"
612,1.91179439581514,1.46033245505579,24.3817391304348,"CO"
613,2.14358936150359,1.91102289005487,18.23,"CO"
614,1.95702823763929,1.47685017380694,24.9791304347826,"CO"
615,1.89298099629544,1.57394589123474,21.5695652173913,"CO"
616,1.71731699297354,1.24803129486847,26.3239130434783,"CO"
617,2.00148000021012,1.96516458081469,33.7804347826087,"CO"
618,1.66277260002085,0.840066810302984,26.6078260869565,"CO"
619,1.42791603581071,0.249201085633499,54.099,"CO"
620,1.78432449074054,0.98498726316039,13.6544444444444,"CO"
621,2.4517544424711,2.38344352138866,19.1,"CO"
622,2.33761644099205,1.86313597103967,30.5204347826087,"CO"
623,2.07070786171108,1.84433816901206,32.194347826087,"CO"
624,2.70194464353972,2.9238158780739,34.7608695652174,"CO"
625,1.78812970117748,1.34013659870396,27.2960869565217,"CO"
626,1.67831483517027,1.0562794916245,20.6760869565217,"CO"
627,1.84932932104953,1.09601632948729,8.81666666666667,"CO"
628,2.14006616349627,1.76346436094248,17.2247826086957,"CO"
629,2.41746536899247,2.24803707983337,28.2786956521739,"CO"
630,2.14973791107023,1.9277967773929,21.564347826087,"CO"
631,2.15226763667937,1.90015884114239,23.8721739130435,"CO"
632,1.83600417102581,1.13989132158755,16.6364285714286,"CO"
633,2.38115514493587,2.3313837921628,37.365652173913,"CO"
634,2.28395101344915,2.62983914825764,57.5761538461538,"CO"
635,2.13287927424581,2.06713790048448,24.7613043478261,"CO"
636,1.92011444380984,1.69361920154372,22.8008695652174,"CO"
637,2.25037604762675,2.38648656677995,33.7513043478261,"CO"
638,1.98906482448542,1.65066330383976,25.7378260869565,"CO"
639,2.20970673651774,2.33256592520598,38.8386956521739,"CO"
640,2.28803531197931,2.17601355130458,17.5311111111111,"CO"
641,2.24945945727843,2.27503514122581,30.4304347826087,"CO"
642,2.00733824777849,1.85697710753944,30.7586956521739,"CO"
643,1.66606478406433,1.54143833628583,49.8947826086956,"CO"
644,1.66934616518751,1.55355745403964,47.6460869565217,"CO"
645,2.09935072766331,2.23700254879314,42.5991304347826,"CO"
646,1.94495731430004,2.12178238216936,48.0146666666667,"CO"
647,1.86601623983455,1.38473063914371,14.25375,"CO"
648,1.94217647950326,1.80971327284465,38.1430434782609,"CO"
649,1.9098951763746,1.84206020770285,41.7933333333333,"CO"
650,1.97468470850337,1.79890777216752,28.6734782608696,"CO"
651,2.22344777243532,2.39662965010135,34.5434782608696,"CO"
652,2.34597769371673,2.52130146750271,36.8478260869565,"CO"
653,2.2951663376066,2.3486385966671,33.384347826087,"CO"
654,2.40968322855041,2.48225821825102,35.8286956521739,"CO"
655,2.6138987699791,2.79145847635238,34.4969565217391,"CO"
656,1.60609901116859,0.603404805059084,6.49833333333333,"CO"
657,2.41940147801933,2.38179802506088,15.7482608695652,"CO"
658,2.67174696709528,2.78860114080798,16.0017391304348,"CO"
659,2.49212689776149,2.47781635556298,25.0391304347826,"CO"
660,2.59488150299657,2.63429601251355,30.0855,"CO"
661,2.56059205209258,2.48595682280092,24.304347826087,"CO"
662,3.30321697330195,3.43221846025323,18.4852173913043,"CO"
663,3.48830537234202,3.60677302422694,17.7873913043478,"CO"
664,2.70194464353972,2.54958103126136,26.0152173913043,"CO"
665,3.30129697271213,3.44722320405744,21.9034782608696,"CO"
666,2.73323756579654,2.68678215277484,29.5982608695652,"CO"
667,2.82731362192903,2.85577031117617,21.0708695652174,"CO"
668,3.23028871029016,3.35945406913897,23.5260869565217,"CO"
669,3.03620638148177,3.14009608742784,31.4630434782609,"CO"
670,3.25926642200216,3.52656510726827,28.0060869565217,"CO"
671,3.94671844479014,4.2800902018387,24.0482608695652,"CO"
672,3.9193008057023,4.27030535245424,20.4613043478261,"CO"
673,3.88496455296607,4.21185058688968,22.34,"CO"
674,3.58629286533884,3.82885876416738,12.6325,"CO"
675,3.06196772365807,3.28066600756378,25.0578260869565,"CO"
676,2.55486523839491,2.72719901994097,33.1786956521739,"CO"
677,2.56025608702979,2.70232369096893,34.8013043478261,"CO"
678,2.64771539235837,3.00195202119389,52.3652173913043,"CO"
679,2.13029995891333,2.08578010612057,28.4534782608696,"CO"
680,2.18849089736746,1.87367333489207,32.815652173913,"CO"
681,2.40612577193489,2.4841108787007,45.4381818181818,"CO"
682,2.05468099199918,1.90074384554661,28.7130434782609,"CO"
683,2.42979218147313,2.04381436403669,23.4882608695652,"CO"
684,2.50214845622251,2.30427930917288,27.945652173913,"CO"
685,2.47067542986005,2.42511048905072,22.3078260869565,"CO"
686,3.3486828995179,3.49095859756525,17.5791304347826,"CO"
687,4.03385580074145,4.3115050331626,20.1186956521739,"CO"
688,1.6453085387021,0.912282710476616,67.8434782608696,"CO"
689,1.70947996226626,1.58745900571533,61.1947826086957,"CO"
690,2.41165301344019,2.73850242443555,49.8261904761905,"CO"
691,2.70369289573325,3.06521777730093,44.7930434782609,"CO"
692,2.30084444851626,2.366539204267,33.464347826087,"CO"
693,2.06796286959493,1.98190061473864,26.865652173913,"CO"
694,2.07672045156548,1.93410157099062,23.4217391304348,"CO"
695,2.36820998034384,2.30406226231161,21.8304347826087,"CO"
696,3.58593148486149,3.80177132042693,28.1891304347826,"CO"
697,3.72832907879391,3.99182832228935,34.2585714285714,"CO"
698,3.81933547043892,4.07553101084642,31.8965217391304,"CO"
699,3.48204244294921,3.74884913004233,27.7330434782609,"CO"
700,3.20133151521729,3.43987446881673,24.7752173913043,"CO"
701,2.95173495316321,3.1220967406649,28.8334782608696,"CO"
702,2.6675300933767,2.74805098895934,26.4639130434783,"CO"
703,3.0431609671251,3.21521197831488,11.8771428571429,"CO"
704,3.00115234102333,3.21842354869371,23.4808695652174,"CO"
705,2.83065252319454,2.906259371472,23.7095652173913,"CO"
706,3.10126668713418,3.26879164924026,21.9204347826087,"CO"
707,3.11660232690403,3.06637306184221,36.675652173913,"CO"
708,1.89625004137734,1.63882785280425,33.9473913043478,"CO"
709,2.24532437213063,2.13699239058437,23.29,"CO"
710,3.05686827354572,3.21033510873687,25.9247826086957,"CO"
711,2.36617207460492,2.16900400969397,31.4917391304348,"CO"
712,2.95307035211173,3.08815057537228,35.5476470588235,"CO"
713,2.80177810209541,3.43165629929175,45.5917391304348,"DE"
714,2.73613689944181,3.40160638891637,47.8472727272727,"DE"
715,2.64649711809602,3.17913279351233,47.9322727272727,"DE"
716,2.40223367439697,2.98916729288757,52.5969565217391,"DE"
717,2.39829045162193,3.19579408803356,58.82,"DE"
718,2.34305920092182,3.08382277822078,53.9630434782609,"DE"
719,2.25540233191198,2.73940842464071,48.5608695652174,"DE"
720,2.51549463685905,2.88543535144134,41.0068181818182,"DE"
721,2.66147497345317,3.39256603563839,53.6969565217391,"DE"
722,2.47361121178514,3.17751020434924,58.4726086956522,"DE"
723,2.39433161826472,3.03999876376447,55.2713043478261,"DE"
724,2.25449033914471,2.6205960383504,46.1034782608696,"DE"
725,2.11186472838506,2.29276429920514,40.9104545454545,"DE"
726,1.8610421537876,1.88588317469901,39.1260869565217,"DE"
727,2.09400883461853,2.28468673837573,42.635652173913,"DE"
728,2.46292774306922,3.10958488990813,57.1965217391304,"DE"
729,2.72606870660489,3.67586329203569,64.2072727272727,"DE"
730,2.68221200504537,3.62169395455708,60.275652173913,"DE"
731,2.30394780044998,2.76072889901133,55.5086363636364,"DE"
732,2.14567699178392,2.62356527421689,56.7347826086957,"DE"
733,2.24991785746982,2.94587958858747,59.2273913043478,"DE"
734,2.29209548632303,2.90799335924598,55.9247826086957,"DE"
735,2.30692349459264,2.76215403497455,47.4426086956522,"DE"
736,2.19978539819789,2.3832429960115,44.6676923076923,"DE"
737,2.21325698486727,2.56774265536715,49.8436363636364,"DE"
738,1.99098283682461,2.38972146217183,66.3890909090909,"DE"
739,1.80400305033377,1.80928613537108,48.35,"DE"
740,1.8522135735234,1.88627882257756,47.1960869565217,"DE"
741,2.00821403239147,1.93913399594478,52.135,"DE"
742,2.09078994771906,1.91609106449606,54.48,"DE"
743,2.05534399010078,2.02745878661124,57.6557142857143,"DE"
744,1.93403871941459,1.8823814698226,50.435652173913,"DE"
745,2.12874917028514,2.25672324581194,43.6221739130435,"DE"
746,2.30735630135119,2.5016853860591,43.2313043478261,"DE"
747,1.91564302147644,1.87287183872306,42.7678260869565,"DE"
748,2.04240026999949,2.20030064945238,57.6845454545455,"DE"
749,2.17326840848043,2.42756919178761,49.3134782608696,"DE"
750,2.35698718641805,2.95071113404283,56.2222727272727,"DE"
751,2.11100340188909,2.29428991336119,49.8008695652174,"DE"
752,1.79175946922805,1.76496426896073,63.2268181818182,"DE"
753,1.86576391635451,1.89304648203594,52.7313043478261,"DE"
754,2.25994986134961,2.60808572860112,42.2847826086957,"DE"
755,2.33425226624642,2.64879239838601,45.0860869565217,"DE"
756,2.09186406167839,2.32421894964169,53.9117391304348,"DE"
757,2.46477788235739,3.07412144097,57.2186956521739,"DE"
758,1.85084838559806,1.46717283984082,55.1434782608696,"DE"
759,2.03385276932193,1.50456037191244,54.4173913043478,"DE"
760,2.04572737874264,2.03975115302889,53.5417391304348,"DE"
761,2.04009038523659,2.10296698346552,44.214347826087,"DE"
762,2.01432314230044,2.19828681489446,44.2426086956522,"DE"
763,1.93152141160321,1.84440691879724,47.0508695652174,"DE"
764,1.89755467300401,1.68276918551965,42.5765217391304,"DE"
765,2.18849089736746,2.11126666370448,45.774347826087,"DE"
766,2.45212890418677,2.65873816164912,47.2478260869565,"DE"
767,2.63874672237561,3.07329699717148,51.4726086956522,"DE"
768,2.6113477481875,2.99720944287156,49.105652173913,"DE"
769,1.97589098126725,2.09604211692854,48.2682608695652,"DE"
770,1.95764229967885,1.88674021401046,41.1430434782609,"DE"
771,2.36939376266616,2.70711036565581,52.4204545454545,"DE"
772,2.16282315061889,2.48548619196591,49.2452173913044,"DE"
773,2.05077364681026,2.25426221093567,56.6878260869565,"DE"
774,2.31339600909826,2.86398810277242,56.1230434782609,"DE"
775,1.87913309943664,1.71630164552035,52.7565217391304,"DE"
776,1.94092881870511,1.58630278199066,50.525652173913,"DE"
777,2.68406104473219,3.07408123996497,32.2188888888889,"DE"
778,1.52982989287869,1.44783927544977,68.3613043478261,"DE"
779,1.49085910569042,1.3767030567181,57.0045454545455,"DE"
780,1.51941806195376,1.12337559511875,43.8682608695652,"DE"
781,1.86036579258495,1.35807379347764,55.1347826086957,"DE"
782,1.71340615498154,0.754078660661404,51.0439130434783,"DE"
783,1.44024715936813,1.060654545748,58.2182608695652,"DE"
784,1.79360960851622,1.69050573552288,55.7177777777778,"DE"
785,1.6453085387021,1.4232130956486,47.2847826086957,"DE"
786,1.47565804173649,0.93728616837711,35.1165217391304,"DE"
787,1.73280916958931,1.57232280701908,44.3747826086957,"DE"
788,2.01432314230044,2.19286727196726,48.2208695652174,"DE"
789,2.22532835597028,2.66199108682741,51.334347826087,"DE"
790,1.95148464475444,1.94161522477243,39.845652173913,"DE"
791,1.85002837735203,2.01596911872426,72.724,"DE"
792,1.19917872236126,0.638185839877252,47.1934782608696,"DE"
793,1.38738072733211,1.01333853157702,44.3121739130435,"DE"
794,2.04741229910756,2.23677039557097,44.6304347826087,"DE"
795,2.42441788830735,2.96954452206116,68.5217391304348,"DE"
796,2.11520729667722,2.45048022275816,57.5504347826087,"DE"
797,1.82314578304873,1.87039650713635,71.7717391304348,"DE"
798,1.96254126844794,2.30010375615292,56.144347826087,"DE"
799,1.67084654056274,1.34112264247317,32.425,"DE"
800,2.37866391087048,2.7357580079055,60.6542857142857,"DE"
801,2.52398799983047,2.96551956190811,54.0186956521739,"DE"
802,1.73741040470103,1.66647554603355,66.5069565217391,"DE"
803,1.62667971886861,1.39203870033179,50.075652173913,"DE"
804,1.75710801125551,1.70261142383562,59.5873913043478,"DE"
805,1.82812711339893,2.16816441618464,66.26,"DE"
806,1.74444548769199,2.15313546708907,74.3995454545455,"DE"
807,1.04655592671206,0.995824949084312,47.6652173913044,"DE"
808,1.53920203270755,2.21783203364969,43.0539130434783,"DE"
809,1.94217647950326,2.98800685704658,44.6669565217391,"DE"
810,1.85968897360818,2.81162651732678,46.6608695652174,"DE"
811,1.9539522585914,2.79020439040321,54.2426086956522,"DE"
812,2.52372664163758,2.80532814056668,26.35875,"DE"
813,2.63775778427317,3.02848543881361,50.1977272727273,"DE"
814,1.55677067690988,1.44517833845854,45.485652173913,"DE"
815,1.62496885446498,1.40748136646582,32.5404347826087,"DE"
816,2.49893818059226,2.85614531586812,40.3165217391304,"DE"
817,2.96415186402336,3.43552879262591,48.2282608695652,"DE"
818,2.2276741229385,2.46971944199447,52.0960869565217,"DE"
819,1.65822807660353,1.49654913035548,75,"DE"
820,2.19189639810459,2.34847249750552,75,"DE"
821,2.71613338599103,3.1175650688673,75,"DE"
822,2.36372109298578,2.64648310631211,75,"DE"
823,1.77273914454903,1.27293089259926,75,"DE"
824,2.05857312924509,2.0345919727218,75,"DE"
825,3.09498723164933,3.70849024715432,75,"DE"
826,2.51635148249566,2.93536282751078,41.3583333333333,"DE"
827,2.88382865930723,3.41912271512259,44.1217391304348,"DE"
828,2.56795486982581,3.02360117256278,52.1082608695652,"DE"
829,1.81962836823685,1.82609088019181,44.0426086956522,"DE"
830,1.86036579258495,2.13899141736554,66.0347826086957,"DE"
831,2.74727091425549,3.36087345149305,51.3347826086956,"DE"
832,2.40964416528745,2.75633229972026,38.013,"DE"
833,2.74503877047155,3.24056924660561,62.1826086956522,"DE"
834,1.45252981122397,1.34976567338638,43.4978260869565,"DE"
835,1.61809597517722,1.40396342669356,44.2639130434783,"DE"
836,1.81255620297548,1.76443295618268,38.4091304347826,"DE"
837,2.32494200009532,2.56471521634027,53.2726086956522,"DE"
838,1.61637034920975,1.63924995403039,68.2530434782609,"DE"
839,2.31911439494526,2.80487438573775,75,"DE"
840,2.36861706359798,2.86316935590553,75,"DE"
841,2.32876122816232,2.59246041069804,75,"DE"
842,1.91500261159224,1.95690537996975,75,"DE"
843,2.23932112159161,2.42676309612567,75,"DE"
844,2.06079042505374,2.38648656677995,75,"DE"
845,2.45250322573334,2.94459914940486,75,"DE"
846,2.38416507998647,2.65833460885628,38.75,"DE"
847,2.39829045162193,2.6384670933483,35.4682608695652,"DE"
848,2.41143949790613,2.56680078935644,58.1759090909091,"DE"
849,1.83709301052958,2.22772098219673,76.6052173913044,"DE"
850,2.00792218940092,2.27882682637519,49.7186956521739,"DE"
851,2.57327580023809,3.01932141434069,52.0147826086957,"DE"
852,2.30778892086907,2.87056333348173,73.525652173913,"DE"
853,2.4896572525466,2.98834793344318,40.31,"DE"
854,1.79753983214355,1.58665868554456,35.1969565217391,"DE"
855,2.57676736083907,2.95746383411686,39.2136363636364,"DE"
856,2.57625642837623,2.91438073872525,41.9960869565217,"DE"
857,3.35962027119573,3.94950307410364,48.7369565217391,"DE"
858,3.56876415539064,4.17761980186778,51.7918181818182,"DE"
859,3.3352356259844,3.9007800394821,50.646,"DE"
860,2.15176220325946,2.30358459332713,47,"DE"
861,2.40092099371491,2.72217223632577,58.4733333333333,"DE"
862,1.97234340612347,2.01972471082148,33.2075,"DE"
863,2.31081202833234,2.48051295365502,42.5721739130435,"DE"
864,2.40890167321559,2.97355334683255,60.8686956521739,"DE"
865,1.97060276164568,1.76280256914039,26.9525,"DE"
866,2.00441341387125,1.96070696649675,52.6769565217391,"DE"
867,2.30951752976969,2.28994026567835,59.53,"DE"
868,1.66277260002085,0.963672036572165,56.7208695652174,"DE"
869,2.04685097436647,1.7202790342693,55.25,"DE"
870,2.8280851276893,3.13483237124939,67.8760869565217,"DE"
871,2.88407176128971,3.47207446724047,60.18,"DE"
872,1.28093384546206,0.53356511073548,33.89,"DE"
873,1.60761807571711,1.20146967410782,32.5009090909091,"DE"
874,1.93654970629575,1.86097453824953,40.0773913043478,"DE"
875,2.22532835597028,2.58350522453191,59.9295652173913,"DE"
876,1.94092881870511,1.91173012639772,37.704347826087,"DE"
877,1.83916841770829,1.72059031831851,33.8878260869565,"DE"
878,2.40356101033405,2.64075232087704,75,"DE"
879,3.18868551892233,3.69447247959815,75,"DE"
880,2.95173495316321,3.40755394741699,75,"DE"
881,1.9283658394044,1.76748162568157,75,"DE"
882,2.14516821538017,2.50342968637856,75,"DE"
883,1.96157626579971,2.13864099982598,75,"DE"
884,1.40008768325223,0.829521749746941,75,"DE"
885,1.6933193964148,1.50629715351459,30.69375,"DE"
886,2.02986302336266,2.08971467879825,39.9486956521739,"DE"
887,2.46403823735325,2.65715347185568,49.8308695652174,"DE"
888,2.83678751176206,3.406127238908,65.3334782608696,"DE"
889,3.1766035037703,3.88514322010966,64.9152173913044,"DE"
890,2.53576506702149,3.00423946284731,52.3608695652174,"DE"
891,2.42825961412335,2.66927924186693,56.0269565217391,"DE"
892,1.82454929205105,1.66770682055808,42.0125,"DE"
893,2.09404034110099,2.46320221520222,65.8670588235294,"DE"
894,2.65792581391964,3.06882782862454,36.6033333333333,"DE"
895,2.3859667019331,2.9595417473522,70.9273913043478,"DE"
896,1.74503239282009,1.67326966212844,39.9860869565217,"DE"
897,1.82314578304873,1.61212993785388,29.0717391304348,"DE"
898,2.21399143719329,2.45351319458497,47.4126086956522,"DE"
899,2.68399506643902,3.06938672673446,40.7778260869565,"DE"
900,2.58525462362228,2.94667332326481,52.4033333333333,"DE"
901,1.77200031924759,1.12323420240024,60.52,"DE"
902,2.18745478574041,2.4010720397087,52.23,"DE"
903,2.26357305371903,2.5108709878571,62.1891304347826,"DE"
904,1.95086678869524,2.00575990003903,57.3560869565217,"DE"
905,2.529200870019,2.821223594849,45.2539130434783,"DE"
906,2.00148000021012,2.01356879752913,37.26625,"DE"
907,2.29735404357649,2.53279924079675,57.4030434782609,"DE"
908,2.36167400936405,2.59600069729359,59.5834782608696,"DE"
909,1.86374303321474,1.83098018238134,40.2278260869565,"DE"
910,1.67831483517027,1.55622057145913,57.9147826086957,"DE"
911,2.0636931847117,2.14943391349987,57.855,"DE"
912,2.47945704502044,2.91821716590788,68.9213043478261,"DE"
913,2.78420576494952,3.14890110506628,62.7373913043478,"DE"
914,1.69361920154372,1.53452694237856,50.8365217391304,"DE"
915,1.99144153386327,1.79991453192464,66.9917391304348,"DE"
916,1.7031658134273,1.25759599110071,74.4734782608696,"DE"
917,1.84054963339749,2.15670446961071,60.8273913043478,"DE"
918,1.78339121955754,1.65331808310598,69.6692857142857,"DE"
919,2.30171514948551,2.56216957771887,58.3617391304348,"DE"
920,2.25037604762675,2.53480041456606,56.3969565217391,"DE"
921,2.28105053198354,2.59616279549303,68.2908695652174,"DE"
922,2.41824026248339,2.95461585163627,74,"DE"
923,2.63594690720087,2.94306503802977,75,"DE"
924,2.21588987155558,1.89827149555596,75,"DE"
925,1.93842881740302,2.00593539508174,75,"DE"
926,2.25326353766134,2.6205386990709,75,"DE"
927,1.88706964903238,1.87750019801623,29.62,"DE"
928,2.12667770398253,2.07180375223172,49.235652173913,"DE"
929,2.58907079790958,1.97878011292659,69.5478260869565,"DE"
930,1.8744741891794,1.88317538319543,64.6460869565217,"DE"
931,1.63179481953538,1.44712356558843,40.0552173913043,"DE"
932,2.2130408667795,2.38796470459577,50.5347826086957,"DE"
933,2.14108865847288,2.27127388662369,49.0060869565217,"DE"
934,1.94342258558351,2.01042926006662,32.7252173913043,"DE"
935,2.12823170584927,2.27691047665666,53.5969565217391,"DE"
936,1.93215133288389,2.05968239169937,48.1369565217391,"DE"
937,1.90663974522648,1.90825342961731,43.9469565217391,"DE"
938,1.42911435830282,0.946173106356025,75,"DE"
939,1.75710801125551,1.6229119459578,75,"DE"
940,1.75710801125551,1.60761015614826,75,"DE"
941,1.81609853753332,1.80400305033377,75,"DE"
942,2.26718316594313,2.40854977393335,75,"DE"
943,2.1888563276657,2.25431354432035,35.46875,"DE"
944,2.71555817746209,2.98332959031521,53.7595652173913,"DE"
945,2.11258193418214,2.10291389786498,42.8152173913044,"DE"
946,1.91692261218206,1.70086705295245,54.6139130434783,"DE"
947,1.94155284368636,1.24001120175447,52.3260869565217,"DE"
948,1.90080882491568,1.56544059204332,39.0834782608696,"DE"
949,1.76159903676798,1.03519391288028,35.0360869565217,"DE"
950,2.41266174291467,1.69361193460357,38.9609090909091,"DE"
951,2.42902619139354,1.93967959930468,70.504347826087,"DE"
952,2.21873078255718,2.31498614201599,69.945652173913,"DE"
953,2.29910076891143,2.1051410702778,61.1078260869565,"DE"
954,1.96788905577409,1.80500469597808,62.8233333333333,"DE"
955,1.75440368268429,1.25504607450994,28.326,"DE"
956,2.04298971888186,1.80537842995858,52.0427272727273,"DE"
957,2.54399556615801,2.607605121104,50.7839130434783,"DE"
958,2.35422832614588,2.45014265735166,32.933,"DE"
959,2.27481165256693,2.86055978351264,67.025652173913,"DE"
960,2.24209633151339,2.83625220031273,61.3060869565217,"DE"
961,1.90340454343997,1.75875706342443,39.1178260869565,"DE"
962,1.70632787139794,1.43103908644402,36.8421739130435,"DE"
963,2.2120893919218,2.34805712885988,43.2365217391304,"DE"
964,2.51472091249843,3.17014986916368,59.5063157894737,"DE"
965,2.17588743994809,2.57756179294827,70.272,"DE"
966,1.99890267919582,2.2253440126506,45.9709523809524,"DE"
967,1.51177714607758,1.10396028146806,35.4539130434783,"DE"
968,1.54385536823319,1.25809036757846,36.4465217391304,"DE"
969,1.79175946922805,1.55670818016489,43.4081818181818,"DE"
970,1.84343147977238,1.54862577303734,43.2822727272727,"DE"
971,1.73280916958931,1.52982989287869,57.3495652173913,"DE"
972,1.75064808098562,1.880990602956,55.3583333333333,"DE"
973,1.87913309943664,2.05757373989979,57.3073913043478,"DE"
974,2.19819029445618,2.80475598104352,59.954347826087,"DE"
975,1.98608597211883,2.38983919414697,57.7052173913044,"DE"
976,1.92899775095782,2.3314682765966,58.0182608695652,"DE"
977,2.2986643735303,2.87309781483942,58.3978260869565,"DE"
978,2.0055843741924,2.37587596122293,51.4917391304348,"DE"
979,2.10657020906809,2.27150713742318,41.946,"DE"
980,2.19722457733622,2.66065471608942,49.554347826087,"DE"
981,2.38236020633898,2.77825200337352,50.7713043478261,"DE"
982,2.32068123523447,2.5382069866886,49.0495652173913,"DE"
983,2.18605127673809,2.48873987330058,50.3695652173913,"DE"
984,2.06189723202893,2.26058486840138,43.8426086956522,"DE"
985,1.99144153386327,2.28105053198354,55.4165217391304,"DE"
986,2.0509134580653,2.57794151575519,68.7275,"DE"
987,2.80572911474209,3.28593291088738,38.0995652173913,"DE"
988,2.50853825432128,3.04677662391407,53.2313043478261,"DE"
989,2.83090890058346,3.46055948475699,53.8791304347826,"DE"
990,2.6117395209643,3.264231526589,55.9263636363636,"DE"
991,2.33509437155934,2.80425589549215,62.3378260869565,"DE"
992,2.41358186896607,3.03572609915006,60.5326086956522,"DE"
993,2.07002231976334,2.07149337183066,43.9041666666667,"DE"
994,1.57763311156403,1.38226451304797,84.315652173913,"DE"
995,1.81962836823685,1.94541313115244,61.8834782608696,"DE"
996,2.06686275947298,2.24982619424046,45.4539130434783,"DE"
997,2.0826971061396,2.45126743251523,54.975652173913,"DE"
998,1.9938126078846,2.10757467638841,44.0195652173913,"DE"
999,2.158312995141,2.34464458237116,45.6208695652174,"DE"
1000,1.81482474215905,1.53234086204913,46.083,"DE"
1001,2.1214801870845,2.45141730699564,61.1421739130435,"DE"
1002,2.37164462892554,2.98201360141305,44.6175,"DE"
1003,2.58810574033952,3.35057371948024,48.9963636363636,"DE"
1004,2.03688192726104,2.2690283094652,39.02,"DE"
1005,2.20108186273598,2.42960073895316,41.9695652173913,"DE"
1006,2.54238908520136,2.8833471429592,31.965,"DE"
1007,2.14720176971593,2.74394879118503,71.4204347826087,"DE"
1008,2.41513707923288,3.10540521644711,55.3121739130435,"DE"
1009,2.24762375231135,2.49316951951011,61.914347826087,"DE"
1010,2.05912791428012,2.18213546165126,47.3395652173913,"DE"
1011,1.7378311272025,1.41269283497442,72.667,"DE"
1012,2.06079042505374,2.2204314632392,52.8630434782609,"DE"
1013,2.29253475714054,2.69133993039619,50.3042857142857,"DE"
1014,2.2304817990927,2.54149928363684,70.475652173913,"DE"
1015,2.01083679362101,2.3591297919795,63.96,"DE"
1016,2.20970673651774,2.78809290877575,62.5917391304348,"DE"
1017,2.48635487596436,3.09783749649114,61.1621739130435,"DE"
1018,2.42858821919778,3.13223840392232,64.0309523809524,"DE"
1019,2.4276145371712,3.03922705662685,65.4563636363636,"DE"
1020,2.33618104242256,3.00605382262586,70.81,"DE"
1021,2.5067674020788,3.25563531772219,64.895652173913,"DE"
1022,2.58448963806506,2.87707113508685,49.7539130434783,"DE"
1023,2.18213546165126,2.57886545576482,77.2465217391304,"DE"
1024,2.11363290642812,2.32664123584828,61.9060869565217,"DE"
1025,2.12714886871044,2.34403234654458,57.0863636363636,"DE"
1026,2.4711764569761,2.91978344722829,55.4068181818182,"DE"
1027,1.9786999718783,1.85299392684333,31.3566666666667,"DE"
1028,2.18311585388665,2.52718844784163,57.1330434782609,"DE"
1029,2.25722382604037,2.77098417477216,58.505652173913,"DE"
1030,1.94092881870511,2.42691668826205,64.0765217391304,"DE"
1031,1.98548913533597,2.33862349042258,64.7673913043478,"DE"
1032,2.62812825908307,3.17536907018218,60.5213043478261,"DE"
1033,2.15630193362862,2.29481586007738,43.7221739130435,"DE"
1034,2.61153930072137,3.05305734017326,43.312,"DE"
1035,2.27436452535179,2.54464426281265,55.6413043478261,"DE"
1036,1.78448670989898,1.67563266995033,74.3421739130435,"DE"
1037,1.75184286182261,1.69736915607172,51.1530434782609,"DE"
1038,1.78229452780075,1.61826837410877,56.8517391304348,"DE"
1039,1.70947996226626,1.38835744888135,63.3186956521739,"DE"
1040,2.21825785750699,2.18409528589443,67.6173913043478,"DE"
1041,2.16749404317788,2.46059843300506,52.3590909090909,"DE"
1042,2.25994986134961,2.62217651661592,65.024347826087,"DE"
1043,1.80614820668015,1.5962205113839,39.9786956521739,"DE"
1044,2.21825785750699,2.36955272666484,46.6491304347826,"DE"
1045,1.83223357715583,1.86428233483223,52.6165217391304,"DE"
1046,1.83847709379551,1.58630278199066,58.7247826086956,"DE"
1047,2.13309001500034,2.2512917986065,69.1281818181818,"DE"
1048,1.46072695590266,1.06408358112364,70.3418181818182,"DE"
1049,2.16382265095197,2.5320736892594,69.4591304347826,"DE"
1050,1.97649357242739,1.76525180462982,53.7282608695652,"DE"
1051,2.13853045804984,1.53293241969396,57.1982608695652,"DE"
1052,2.03936331811243,1.85040267087738,57.3709523809524,"DE"
1053,1.48751588818727,0.755100842085376,40.3930434782609,"DE"
1054,2.14006616349627,2.07010460961568,55.5847826086957,"DE"
1055,2.31253542384721,2.3041293545536,54.6954545454545,"DE"
1056,2.53897387105828,2.95986327047308,57.256,"DE"
1057,1.39045237126855,1.11768843572892,33.1894444444444,"DE"
1058,1.86441711480413,1.7364152654908,37.4721739130435,"DE"
1059,1.7874021638591,1.48682802887651,35.975652173913,"DE"
1060,2.04741229910756,1.85466622497772,40.6682608695652,"DE"
1061,2.2951663376066,2.21199419462534,42.5791304347826,"DE"
1062,2.74610473336531,2.92203680372207,44.8518181818182,"DE"
1063,2.85095778935529,3.40453961625545,66.0934782608696,"DE"
1064,2.16880522229643,2.4961834071921,71.7195652173913,"DE"
1065,1.70790515879119,1.51292701205326,69.0421739130435,"DE"
1066,2.10942237389177,2.35793752921159,69.7721739130435,"DE"
1067,2.21683773892513,2.67663431322524,76.8286956521739,"DE"
1068,1.6594695416916,1.47047565022951,65.2982608695652,"DE"
1069,2.05528855619184,2.16843012936615,68.1754545454545,"DE"
1070,2.31554423763655,2.97528552581329,60.9886956521739,"GA"
1071,2.21351626493441,2.79462670093778,56.414347826087,"GA"
1072,1.92962926345118,2.3692273779288,58.1078260869565,"GA"
1073,2.25415849908857,2.84053938414829,61.8309090909091,"GA"
1074,2.23489008022269,2.8440369103018,57.6731818181818,"GA"
1075,2.56159927057625,3.20782366983835,55.9226086956522,"GA"
1076,2.31640223854719,2.83052430984736,50.9226086956522,"GA"
1077,2.20964709733478,2.64891925486345,30.24375,"GA"
1078,2.35426961518984,3.02897781299925,57.8152173913044,"GA"
1079,2.46588632510897,3.11644820213973,56.9795652173913,"GA"
1080,2.55249757282073,3.34197033350917,55.7408695652174,"GA"
1081,2.56193478475488,3.32176197746523,53.77,"GA"
1082,2.1676922297712,2.72710558382785,53.6561904761905,"GA"
1083,2.00933197549281,2.51129159651049,63.7566666666667,"GA"
1084,2.23925795904277,2.79147180924128,50.7777272727273,"GA"
1085,2.40571585186356,2.9815641968665,49.5040909090909,"GA"
1086,2.47580740593289,3.11669864282031,53.434347826087,"GA"
1087,2.15176220325946,2.66422496398639,56.685,"GA"
1088,1.93215133288389,2.33184836824549,52.9191304347826,"GA"
1089,2.05579457786036,2.01814413924944,54.655652173913,"GA"
1090,2.46446095862771,2.2349942993609,64.215,"GA"
1091,1.88046023964471,2.11525973368728,52.61,"GA"
1092,2.00792218940092,2.436963952504,60.0304347826087,"GA"
1093,1.97045125797143,2.38712602965294,64.0686956521739,"GA"
1094,1.93403871941459,2.35389795240759,62.1339130434783,"GA"
1095,1.9813012739955,2.56404593946892,67.7586956521739,"GA"
1096,2.20460468463384,2.57477274448718,72.8166666666667,"GA"
1097,2.61739583283408,3.15487049489229,40.93,"GA"
1098,2.78929619791084,3.41504311457111,51.7886956521739,"GA"
1099,2.81358461468239,3.39618483983861,53.7082608695652,"GA"
1100,2.41824026248339,3.02855715887589,57.2408695652174,"GA"
1101,2.35344351022754,2.89210937779471,56.5078260869565,"GA"
1102,2.56059205209258,3.14135601895646,52.5139130434783,"GA"
1103,2.55891109691445,3.08171050834031,50.3739130434783,"GA"
1104,2.46527067527114,2.95803040636998,46.3733333333333,"GA"
1105,2.08863825242951,2.31322395128641,44.3847826086957,"GA"
1106,2.16986969388685,2.37945794682027,43.5647619047619,"GA"
1107,2.19674136882235,2.38143645584657,49.565652173913,"GA"
1108,2.14620971814468,2.30005809329425,49.577619047619,"GA"
1109,2.22805745237225,2.4960563810848,49.9554545454545,"GA"
1110,2.37996692100783,2.75842640842728,49.7227272727273,"GA"
1111,2.10413415427021,2.16178928302859,32.6066666666667,"GA"
1112,2.39789527279837,2.86046023645168,51.3521739130435,"GA"
1113,2.4827303703654,2.99366492066056,51.1365217391304,"GA"
1114,2.72272461203147,3.36424771092714,51.3595652173913,"GA"
1115,2.55486523839491,3.24053520984591,59.4578260869565,"GA"
1116,2.59728791673896,3.13127584493377,55.2063636363636,"GA"
1117,2.78313078500187,3.43435179439565,55.475652173913,"GA"
1118,2.81740273802957,3.35898553285285,34.6366666666667,"GA"
1119,2.93847155269058,3.61420275839471,51.734347826087,"GA"
1120,2.7414008764357,3.29673823098938,49.4226086956522,"GA"
1121,2.56039354092568,3.0438295570444,54.7409090909091,"GA"
1122,2.13275660044756,2.18760170608981,58.3433333333333,"GA"
1123,2.14651590734416,2.1250719571924,55.32,"GA"
1124,1.94161522477243,2.09728145980817,55.041,"GA"
1125,2.02814824729229,2.23055189009421,54.105,"GA"
1126,2.05021420623623,2.42472577008318,59.9613043478261,"GA"
1127,2.24209633151339,2.69709182611134,56.8686956521739,"GA"
1128,2.31897183310882,2.72086627399399,54.474347826087,"GA"
1129,2.03936331811243,2.33477565795689,62.4371428571429,"GA"
1130,1.94161522477243,2.16590589407879,53.923,"GA"
1131,2.23868129101457,2.88272353705791,65.8347619047619,"GA"
1132,1.94591014905531,1.94161522477243,46.4,"GA"
1133,1.81074476913914,2.00404427720739,48.289,"GA"
1134,1.98176745894617,2.28374200519257,54.1422222222222,"GA"
1135,2.06142303617716,2.56214322615305,62.5242857142857,"GA"
1136,1.67925096030494,1.90657514365664,58.1715384615385,"GA"
1137,2.16332302566054,2.58971019218319,64.7640909090909,"GA"
1138,2.018705306492,2.42564518575127,54.5166666666667,"GA"
1139,1.62924053973028,1.71379792775834,34.03,"GA"
1140,1.89151607698951,2.21227416080725,52.1158823529412,"GA"
1141,2.10625279913049,2.48069489423373,53.4330434782609,"GA"
1142,2.13501139283465,2.75179363833571,69.1764285714286,"GA"
1143,1.88473592568616,2.13662132281287,57.3838461538462,"GA"
1144,2.12584791449399,2.49518695919556,60.8995,"GA"
1145,2.46648402223496,3.11613621027101,67.2019047619048,"GA"
1146,2.17853244432407,3.09708476781428,78.78,"GA"
1147,1.89062837164937,2.29686286990587,73.4876470588235,"GA"
1148,1.89640544394801,2.08909715678421,51.5680952380952,"GA"
1149,2.52530750300913,3.06287431049588,57.0921052631579,"GA"
1150,2.19109471696068,2.58082270661783,55.478,"GA"
1151,2.37424108190048,2.81677647480776,57.9109523809524,"GA"
1152,2.36126408929273,2.80351847117641,51.6191304347826,"GA"
1153,2.4423470353692,2.99723114967773,49.28,"GA"
1154,2.77394649570024,3.35500167506211,62.934347826087,"GA"
1155,2.18829594659192,2.65102119065399,59.1315,"GA"
1156,2.17918850470515,2.47306140878403,52.3734782608696,"GA"
1157,2.68340106582756,3.20088893941896,56.1060869565217,"GA"
1158,2.72329571427429,3.26803031189795,58.115652173913,"GA"
1159,2.1064543409259,2.68583705178323,61.7766666666667,"GA"
1160,1.90954250488444,1.98581743964717,37.615,"GA"
1161,2.31568078703351,2.63064542516672,44.8263636363636,"GA"
1162,2.56428023732951,3.08581140394076,69.38,"GA"
1163,2.5922651681085,3.11015411115225,58.8555,"GA"
1164,2.40479780236114,2.80877140032589,49.302380952381,"GA"
1165,2.34688339110439,2.85223542391148,44.2447058823529,"GA"
1166,2.59931700096574,3.06385810260159,49.2695454545455,"GA"
1167,1.87180217690159,2.11384296839717,38.265,"GA"
1168,2.41378566513355,2.95746158517471,54.0447619047619,"GA"
1169,2.93293137231496,3.4986265269937,60.1021739130435,"GA"
1170,2.8297313531269,3.47320791763843,74.665,"GA"
1171,1.55392520250384,1.41208393280618,54.073,"GA"
1172,2.37068868029611,2.82038633049646,56.8914285714286,"GA"
1173,2.72099634006774,3.2658114566021,58.9745454545455,"GA"
1174,1.7404661748405,1.3609765531356,22.48,"GA"
1175,1.66684881964744,1.55344459500673,34.3218181818182,"GA"
1176,1.91491525118683,2.0809177243132,40.2077272727273,"GA"
1177,2.68537071233279,3.14477904146307,50.6095454545455,"GA"
1178,2.13785784460104,2.48729961768847,50.559375,"GA"
1179,1.32795878410693,1.01692007315608,39.7226666666667,"GA"
1180,1.81539107376133,1.96802407231382,45.475652173913,"GA"
1181,1.91692261218206,2.14593128294867,37.48,"GA"
1182,1.91692261218206,2.14860106594611,40.0635714285714,"GA"
1183,2.62828523263335,3.06634605288198,48.2788888888889,"GA"
1184,2.95128051098316,3.52048652893962,49.1173913043478,"GA"
1185,2.60046499042227,3.12300348708268,48.664,"GA"
1186,2.25079041980432,2.48649269294364,48.412380952381,"GA"
1187,2.44971115788434,3.02798162776949,65.772,"GA"
1188,1.62924053973028,1.56444054650336,32.72,"GA"
1189,1.89783401561954,2.07652061325217,49.7685714285714,"GA"
1190,1.61097519175299,1.76024234045981,69.9792307692308,"GA"
1191,1.93283806748796,2.14863893770476,63.9536363636364,"GA"
1192,2.77109951868831,3.45922666838679,61.4471428571429,"GA"
1193,2.56763804738546,3.22523555882078,55.903,"GA"
1194,2.03470564783844,2.30787109742328,72.694,"GA"
1195,3.71600812150219,4.1692974154585,34.68,"GA"
1196,2.02700342747635,2.27373821119004,43.8786956521739,"GA"
1197,2.72358114313309,3.13947494016774,48.9204347826087,"GA"
1198,2.65629913604976,3.02425634900832,40.054347826087,"GA"
1199,2.54646454278743,3.08930935067148,60.8871428571429,"GA"
1200,0.686458192409149,0.236914955398128,75.6493333333333,"GA"
1201,0.900161349944271,0.449800921928216,41.204,"GA"
1202,2.33724074622857,2.80492215910092,58.2957894736842,"GA"
1203,2.57333897442514,3.13948211290059,59.5514285714286,"GA"
1204,2.63870012296742,3.04787395795694,61.3245,"GA"
1205,2.57356597372242,2.9881725204914,67.363125,"GA"
1206,1.6475267635537,1.72591290343047,74.2247058823529,"GA"
1207,1.49962304642689,1.50740518686895,52.299,"GA"
1208,1.19392246847243,0.675492245321225,30.5825,"GA"
1209,1.55884612631804,1.37826218942263,36.492,"GA"
1210,2.48707820330151,2.90602160457754,62.4052173913043,"GA"
1211,2.18115410730361,2.69635893541117,74.3652173913043,"GA"
1212,1.78590905554988,2.0550848101751,62.8375,"GA"
1213,1.84605549727201,2.03265751604209,46.3273913043478,"GA"
1214,2.17475172148416,2.57306320414499,55.485,"GA"
1215,2.23560882034453,2.65315010490753,51.5878260869565,"GA"
1216,1.58923520511658,1.67616154447701,25.935,"GA"
1217,2.43959726278413,2.85082818561194,54.4552631578947,"GA"
1218,2.40423874672055,2.75340590282301,52.66,"GA"
1219,2.21375387928743,2.17304572163906,70.2325,"GA"
1220,1.70474809223843,1.62739339074052,68.3829411764706,"GA"
1221,1.96544596738513,2.19425721610842,71.2133333333333,"GA"
1222,1.60030542887083,1.4890150318147,76.21,"GA"
1223,1.91692261218206,1.97823903617067,67.66,"GA"
1224,1.93546618989423,2.08787181594194,61.9372727272727,"GA"
1225,1.65562729490347,1.58272052409539,37.965,"GA"
1226,1.93802197620631,2.04400864568092,46.327,"GA"
1227,1.78539002094258,1.98839606461329,55.3566666666667,"GA"
1228,2.07406999787792,2.23445919251787,40.107619047619,"GA"
1229,2.268533605041,2.61885462229774,40.3191304347826,"GA"
1230,2.37661787435109,2.80737146450034,42.971052631579,"GA"
1231,2.01490302054226,2.28238238567653,42.6966666666667,"GA"
1232,2.57393893023587,3.10343569463811,54.4386956521739,"GA"
1233,2.39748196425767,3.08515740176756,65.3663636363636,"GA"
1234,2.59622762741629,3.19113814598313,61.5186956521739,"GA"
1235,1.92770023767589,2.21817320521622,53.7657894736842,"GA"
1236,2.07416448457899,2.40666057282057,46.0252631578947,"GA"
1237,2.05625820622418,2.33623476109787,52.5733333333333,"GA"
1238,2.4248027257183,3.19129905709797,72.9,"GA"
1239,1.57493648071643,1.55051835790304,78.965652173913,"GA"
1240,1.20397280432594,0.878242664236625,55.8186666666667,"GA"
1241,2.30735630135119,2.806963893624,66.7760869565217,"GA"
1242,2.34971756925798,2.94581103517862,60.5095652173913,"GA"
1243,2.4754417083607,3.17136484219715,66.7091304347826,"GA"
1244,2.01044867019288,2.41408387375399,75.8295238095238,"GA"
1245,2.17475172148416,2.59637348387759,62.62,"GA"
1246,1.74702357538666,2.03967693064091,65.8475,"GA"
1247,1.87399756746503,2.11854777941659,42.137619047619,"GA"
1248,1.98350616648159,2.1829309898002,41.4572727272727,"GA"
1249,2.47982127740472,2.94905075419484,62.9808695652174,"GA"
1250,2.13390914045424,2.60133611277325,68.8917391304348,"GA"
1251,1.934966127376,2.40372241780756,74.3280952380952,"GA"
1252,2.25654115449264,2.5687881337687,67.19,"GA"
1253,1.63264479833708,1.64597945452733,70.735652173913,"GA"
1254,2.13039386885376,2.55107736090578,55.6636363636364,"GA"
1255,2.38636662195442,2.86440961999268,50.9895652173913,"GA"
1256,2.43719544878295,2.91501509605257,50.4195454545455,"GA"
1257,2.45772906815999,2.88555340497048,65.6339130434783,"GA"
1258,2.02745548661338,2.33983017165554,69.9536842105263,"GA"
1259,1.54756250871601,1.44377679653325,56.9066666666667,"GA"
1260,1.67180015414908,1.65249740189455,40.2308695652174,"GA"
1261,2.10800691153105,2.38930476077401,48.1072727272727,"GA"
1262,1.84811240577919,2.03237272123482,45.5639130434783,"GA"
1263,2.38038753089837,2.77335547366531,42.4009090909091,"GA"
1264,3.03745820722421,3.6290717539609,55.0334782608696,"GA"
1265,2.47947525979079,3.14686411555791,74.5125,"GA"
1266,1.80672627086137,2.12174814790428,75.2928571428571,"GA"
1267,1.86739688343367,2.17063068756385,57.2247619047619,"GA"
1268,1.81884042783073,1.99261731295228,39.6005882352941,"GA"
1269,2.43536620422786,2.86758635320581,46.531,"GA"
1270,2.66156986721967,2.97998391658585,50.76625,"GA"
1271,2.51325112279714,2.91763558781757,58.981,"GA"
1272,1.96009478404727,2.25932958432309,74.1,"GA"
1273,2.39868547434087,2.9566976300452,67.0539130434783,"GA"
1274,2.25429480386626,2.48272172489455,60.197619047619,"GA"
1275,2.35094226300213,2.70580525886156,52.0668181818182,"GA"
1276,2.27212588550934,2.67820172728027,57.6655555555556,"GA"
1277,2.33571441675392,2.8513451779446,66.0952631578947,"GA"
1278,2.98856378407538,3.50318077267704,62.6119047619048,"GA"
1279,2.85070650150373,3.50615781729864,54.975,"GA"
1280,2.8101881385237,3.47629140994576,62.0160869565217,"GA"
1281,2.66541496945777,3.146996804881,55.7778260869565,"GA"
1282,1.72722094809048,1.72704315450836,59.0345,"GA"
1283,2.21027042216952,2.62861337045418,61.1563636363636,"GA"
1284,2.05251988411357,2.54660912188761,73.064375,"GA"
1285,1.93967959930468,2.29800942317395,67.815652173913,"GA"
1286,1.25276296849537,1.00795792039998,32.07,"GA"
1287,2.10471470581046,2.42429690881323,58.2942857142857,"GA"
1288,2.78753331167105,3.2968969100197,54.8040909090909,"GA"
1289,2.69873155475234,3.25442760836494,54.8552173913044,"GA"
1290,2.66873673002386,3.25003739433463,50.7330434782609,"GA"
1291,1.98643134646095,2.04816811241042,32.2878947368421,"GA"
1292,2.42721333355498,2.85083786439391,49.7740909090909,"GA"
1293,1.87946504964716,2.24918431626693,29.835,"GA"
1294,1.80828877117927,2.04945699092552,42.2878947368421,"GA"
1295,1.87755482939104,2.01798161015186,35.34625,"GA"
1296,2.3648889763302,2.81646319605831,43.5328571428571,"GA"
1297,2.78205464822866,3.28677824695879,46.7491304347826,"GA"
1298,3.0153014468979,3.57836015212478,52.7733333333333,"GA"
1299,2.93478151160312,3.54192923789179,58.0826086956522,"GA"
1300,2.34180580614733,2.81540871942271,49.41,"GA"
1301,2.28432413385944,2.80983289541215,57.8495238095238,"GA"
1302,1.83067488547773,1.7554741261971,27.5795238095238,"GA"
1303,2.1897895988487,2.45587826240717,34.3894444444444,"GA"
1304,2.65131950326536,3.21923939513216,67.2427272727273,"GA"
1305,2.45009724512214,3.05141591624283,56.9915789473684,"GA"
1306,1.92810552442181,2.10928585427307,52.8252941176471,"GA"
1307,2.08442908319088,2.28706528133601,31.0086666666667,"GA"
1308,2.41073119897438,2.92683338261314,45.168947368421,"GA"
1309,2.28423595432585,2.65847791297174,50.12,"GA"
1310,2.48526890300696,2.93028899542113,69.0413043478261,"GA"
1311,1.4365715144109,1.28664666286875,57.325625,"GA"
1312,2.19418967364107,2.56095537814812,55.3922727272727,"GA"
1313,1.75785791755237,1.81156209652423,30.4333333333333,"GA"
1314,1.89649478949196,2.20731241248661,67.39375,"GA"
1315,1.79413759163302,1.94522964545641,62.6795238095238,"GA"
1316,2.04369099101821,2.41250661997943,55.7790476190476,"GA"
1317,1.4712202316185,1.30340670131412,41.3172727272727,"GA"
1318,1.69183079745259,1.65215927847628,36.2147058823529,"GA"
1319,2.22075507474641,2.51834910138437,44.3957142857143,"GA"
1320,1.88706964903238,2.34660197841082,72.6,"GA"
1321,1.82070165359898,2.07377073107934,64.7095238095238,"GA"
1322,1.9351380520734,2.22500185833567,53.3815,"GA"
1323,2.25878247033565,2.6372189060559,45.6885714285714,"GA"
1324,2.45346512395318,2.93901073905828,46.9471428571429,"GA"
1325,2.16714712209894,2.55122310335549,46.9838888888889,"GA"
1326,2.56004223229744,3.21834841308378,55.99,"GA"
1327,1.34807314829969,1.04731899428056,39.415,"GA"
1328,1.6852408758496,1.70190314010619,37.705,"GA"
1329,2.19529034075639,2.61768141566297,58.4578260869565,"GA"
1330,1.73321601361544,1.83173404596774,42.3241176470588,"GA"
1331,1.9306685330867,2.13088923591182,35.3,"GA"
1332,1.89817206283669,2.05223260791243,41.6952631578947,"GA"
1333,1.8338438245303,1.97933038190815,38.0552631578947,"GA"
1334,2.12026353620009,2.22354188565359,31.89,"GA"
1335,2.18997614861139,2.57748583108109,51.5795,"GA"
1336,2.06746535063312,2.20018315937596,49.8980952380952,"GA"
1337,2.25813333042321,2.55523679098232,53.6378260869565,"GA"
1338,2.29397671845745,2.58733429736119,53.8695238095238,"GA"
1339,1.96360972615471,2.45514522285279,67.59,"GA"
1340,1.63203774435134,1.74828846653622,62.2647619047619,"GA"
1341,2.22344777243532,2.64876164287693,62.7104347826087,"GA"
1342,2.31129703359607,2.3328111483009,53.57,"GA"
1343,2.1910326070883,2.18623852512362,52.8744444444444,"GA"
1344,2.2512917986065,2.73133260572443,55.7926666666667,"GA"
1345,2.10717829665144,2.69141255994919,74.8265,"GA"
1346,1.99664206140766,2.37822250719967,73.06,"GA"
1347,2.51162971992875,2.90224543046053,37.465,"GA"
1348,2.5032971099165,3.10395459941476,55.2886363636364,"GA"
1349,2.17714120888154,2.7148341555038,63.1715789473684,"GA"
1350,2.19457556916464,2.71784336103168,62.4066666666667,"GA"
1351,1.86408013080768,2.07380066178975,61.14,"GA"
1352,1.8982063510981,2.11567913081007,65.3234782608696,"GA"
1353,2.21446638377073,2.45497024002983,67.0782608695652,"GA"
1354,1.81373837594683,1.8229350866965,61.9233333333333,"GA"
1355,2.04274704671344,2.09490952846558,50.4894117647059,"GA"
1356,2.11116968057255,2.33530700179616,49.0236842105263,"GA"
1357,2.20215069567228,2.67054061572701,45.5544444444444,"GA"
1358,2.49545686068315,3.1561489949599,58.8209090909091,"GA"
1359,2.30903483684193,2.9150006031099,64.4052941176471,"GA"
1360,1.59283017603444,1.75409832363056,59.1435294117647,"GA"
1361,1.98787434815435,2.24354255236026,41.41,"GA"
1362,2.14465917999122,2.59138610441745,56.9752173913043,"GA"
1363,2.32727770558442,2.80931232983387,56.6695,"GA"
1364,2.64153872046664,3.28069870546784,52.9034782608696,"GA"
1365,2.79617207237587,3.49166112570204,57.3104545454545,"GA"
1366,2.56561803017117,3.2552832198018,64.6426086956522,"GA"
1367,1.91692261218206,2.31306333728167,56.16,"GA"
1368,1.769286613376,2.30325153753721,68.0566666666667,"GA"
1369,1.87487437593856,1.62636057963001,60.2453333333333,"GA"
1370,3.00237681627266,1.91299333404217,52.6626666666667,"GA"
1371,3.62567337821014,2.48901855467835,57.1583333333333,"GA"
1372,2.30027473386086,2.30012051996588,50.1669230769231,"GA"
1373,2.30199668462167,2.34135321505565,52.3017647058823,"GA"
1374,2.05341122921225,1.98176745894617,55.6116666666667,"GA"
1375,2.0391676425419,2.10432669029108,67.448947368421,"GA"
1376,2.1506541699051,2.22178813268953,63.5052380952381,"GA"
1377,2.55587823865037,3.12393427276451,60.4226086956522,"GA"
1378,2.87381024930716,3.61108241145198,62.3426086956522,"GA"
1379,3.73766961828337,4.67454617248291,57.8465217391304,"GA"
1380,2.32281388692783,2.70010568334724,63.1586956521739,"GA"
1381,1.6983641216285,1.65660771691049,67.0045,"GA"
1382,1.92278773163446,2.24812890719799,51.734,"GA"
1383,1.9643112344262,2.1966688674025,58.5385,"GA"
1384,2.0555472214804,2.49136721679094,49.8211111111111,"GA"
1385,2.19238195286043,2.4260716394294,53.6808695652174,"GA"
1386,2.09679018001445,2.58445028012426,57.693,"GA"
1387,2.20731839050544,2.86653928252807,59.2395652173913,"GA"
1388,2.26312087193425,2.84465657127856,55.5104347826087,"GA"
1389,2.40092099371491,3.05195506465027,53.4766666666667,"GA"
1390,2.30408396911778,2.9853788614745,60.344,"GA"
1391,2.46957228578789,2.99342526663268,58.6482608695652,"GA"
1392,2.62340755794813,3.29958185764349,57.5782608695652,"GA"
1393,2.44912927689074,3.06448743563088,56.0530434782609,"GA"
1394,2.60470784960062,3.22913213950662,54.6318181818182,"GA"
1395,2.43399467094368,3.04253288223004,62.6630434782609,"GA"
1396,1.94591014905531,2.31253542384721,48.2,"GA"
1397,1.91102289005487,1.97025426887338,55.1845,"GA"
1398,1.75662563150611,1.68904096303307,57.0464285714286,"GA"
1399,1.82957695472801,2.04438091336186,59.516875,"GA"
1400,1.83057946107764,2.19200263335507,51.68,"GA"
1401,1.9306685330867,2.38351428545187,53.4176470588235,"GA"
1402,1.99577385063327,2.51019814163655,59.6584210526316,"GA"
1403,1.52605630349505,1.34112264247317,53.7533333333333,"GA"
1404,1.96009478404727,2.26443163620698,67.1547826086957,"GA"
1405,2.73803103331415,2.50666105115611,62.6313043478261,"GA"
1406,2.65546336500237,2.52678072225906,56.5284210526316,"GA"
1407,2.4248027257183,2.90542693989142,57.9121739130435,"GA"
1408,2.41347574377362,2.60467424688552,63.555,"GA"
1409,2.2321626286975,2.41161885401817,57.48,"GA"
1410,2.45100509811232,3.14168981725254,65.0511764705882,"GA"
1411,2.49140721439109,3.11243259768587,62.5304347826087,"GA"
1412,2.585882567128,3.16492637444044,58.8845,"GA"
1413,2.62655716685103,3.29346691011766,59.6404347826087,"GA"
1414,2.7031104845345,3.35027015298749,56.8739130434783,"GA"
1415,2.47933560473854,3.12671876399356,63.7157142857143,"GA"
1416,2.43908083758258,3.06543322762462,56.3425,"GA"
1417,2.16332302566054,2.52412736294128,58.4366666666667,"GA"
1418,2.3211081295846,2.8595140448022,60.3221739130435,"GA"
1419,2.08676758177191,2.63108445407266,64.1611764705882,"GA"
1420,2.0765965895476,2.5564165529116,66.3436363636364,"GA"
1421,2.27446616273004,2.74724177630185,59.8013636363636,"GA"
1422,2.63967825481372,3.35598775622822,62.3526086956522,"GA"
1423,2.45686563451878,2.94041174196582,57.9945454545455,"GA"
1424,2.46172331433234,3.14221073993272,61.5995,"GA"
1425,2.22265601522802,2.81956447078951,69.715,"GA"
1426,1.96611285637283,2.21640453960605,69.6128571428571,"GA"
1427,1.9365810537668,2.29586254723322,64.309,"GA"
1428,1.96110031454929,1.78949500249556,54.6921428571429,"GA"
1429,2.20588264007933,2.00030422112111,69.1413043478261,"GA"
1430,1.65504842368615,1.33104588688941,77.7872222222222,"GA"
1431,2.63905732961526,2.07819075977818,60,"GA"
1432,2.44432136967292,2.096175740671,63.865,"GA"
1433,2.0651351460286,2.00166425841781,65.7272727272727,"GA"
1434,2.1375053426346,2.1985763203247,61.4878260869565,"GA"
1435,2.36494733470902,2.93994376495501,62.8021739130435,"GA"
1436,2.09733603155639,2.45196249406865,63.3916666666667,"GA"
1437,2.37267880760616,2.80235856173018,63.4639130434783,"GA"
1438,3.13113691056019,2.40303356429085,46.6433333333333,"GA"
1439,3.1054016744362,2.79497824128609,60.8572727272727,"GA"
1440,3.14396485481266,3.04877837869692,61.0352173913044,"GA"
1441,2.28238238567653,2.6449490303199,56.0795454545455,"GA"
1442,2.05857312924509,2.37757156114471,55.645652173913,"GA"
1443,2.28813334158433,2.81405398807754,57.4986956521739,"GA"
1444,2.3931409056811,2.94017360246091,58.4665217391304,"GA"
1445,1.7167964307546,1.84371920815877,49.9166666666667,"GA"
1446,1.93905440391076,2.33585166050125,61.9386956521739,"GA"
1447,1.80938107057787,2.23523373063635,54.0913333333333,"GA"
1448,1.88112314984465,2.23677039557097,66.5252173913044,"GA"
1449,1.98413136187551,2.11926303586651,61.7595454545455,"GA"
1450,2.0462581228896,2.43706742222389,62.9066666666667,"GA"
1451,2.10239047466538,2.50221628732309,69.6833333333333,"GA"
1452,2.18309006640131,2.55624763947933,68.0663157894737,"GA"
1453,1.54489939129653,1.37371557891303,80.83,"GA"
1454,2.36535574802897,2.93035862118269,78.0778260869565,"GA"
1455,1.97408102602201,2.25458779624034,74.7686363636364,"GA"
1456,2.22156364564149,2.43330819824215,66.9404347826087,"GA"
1457,2.41996400660007,2.97425324187687,70.9104545454545,"GA"
1458,2.38365291608283,2.86552867102214,64.0166666666667,"GA"
1459,2.09068759095446,2.43619981547987,72.8066666666667,"GA"
1460,2.24336573333407,2.51005647491396,70.9325,"GA"
1461,2.27915484118566,2.54383737130476,61.5678947368421,"GA"
1462,1.86837751602023,1.54756250871601,29.1133333333333,"GA"
1463,2.01333316150714,2.27024418899976,54.7847058823529,"GA"
1464,2.49695498830418,2.89447947129399,61.1895454545455,"GA"
1465,2.74219733665479,3.2683073873078,59.801052631579,"GA"
1466,2.5874222133136,3.09405444168949,62.1172727272727,"GA"
1467,2.50307395374345,2.86715999275423,44.491,"GA"
1468,2.91541778982225,3.41444260841218,63.8469565217391,"GA"
1469,2.98476324218342,3.61051242503983,73.2095454545454,"GA"
1470,2.56327571690351,3.17455132692615,78.7995652173913,"GA"
1471,1.69167601067107,1.67415498905826,68.4271428571429,"GA"
1472,1.7861884241786,1.8039076031637,55.7488888888889,"GA"
1473,2.58147865941275,2.80143934497882,79.4116666666667,"GA"
1474,2.55463998780268,2.94259517514086,42.3783333333333,"GA"
1475,2.35913726249897,2.69330566913745,65.4372727272727,"GA"
1476,2.18818917172662,2.35205529799213,66.8642857142857,"GA"
1477,2.02501049762032,2.14921188863217,65.0738095238095,"GA"
1478,2.11021320034659,2.37604675243659,71.1168181818182,"GA"
1479,2.17727379091687,2.06665176675144,71.7494444444444,"GA"
1480,2.40625186738931,2.49288753811901,72.9907692307692,"GA"
1481,2.484906649788,3.07324871598182,65.708,"GA"
1482,2.54879391723925,3.07995852568153,80.065,"GA"
1483,1.84582669049833,1.74977939698717,26.5583333333333,"GA"
1484,2.69315724077292,3.23939430841012,55.9873913043478,"GA"
1485,2.71209996075913,3.29120457539388,61.1973913043478,"GA"
1486,2.4754417083607,2.9509622785344,61.5308695652174,"GA"
1487,2.25033440265017,2.61090500535216,70.1454545454545,"GA"
1488,2.15334657116417,2.39789527279837,68.105,"GA"
1489,1.79591747937672,1.592901943794,63.3145,"GA"
1490,1.9273720280564,2.06668191129453,74.01,"GA"
1491,1.89104896188386,1.97356919915455,79.1484210526316,"GA"
1492,2.18754828300569,2.69858330892929,68.6226666666667,"GA"
1493,2.29253475714054,2.69209018152348,67.329,"GA"
1494,2.70340173253423,3.18111074741521,59.2573913043478,"GA"
1495,2.69080083320244,3.1804603526388,66.6526086956522,"GA"
1496,1.64544834995713,1.34706253679377,41.1088888888889,"GA"
1497,1.34373474670109,0.765467842139571,21.7,"GA"
1498,1.68834637385462,1.4589821523616,33.8615789473684,"GA"
1499,2.21501411889972,2.5275730961069,35.8507692307692,"GA"
1500,2.65984809928433,3.04980259079471,48.7005882352941,"GA"
1501,2.93639758029145,3.49160756553033,62.2995652173913,"GA"
1502,3.09715024497914,3.62565022041291,64.6252173913043,"GA"
1503,2.19819029445618,2.52743154138174,55.4408695652174,"GA"
1504,2.23135758370568,2.60961012828896,57.11125,"GA"
1505,2.29297383508393,2.49729338456943,57.1621739130435,"GA"
1506,2.04593176278096,2.10557435836338,70.7568181818182,"GA"
1507,2.73760900334375,3.27945766502085,62.0909090909091,"GA"
1508,2.59830297350012,2.98329157157196,61.8559090909091,"GA"
1509,2.69345140168106,3.18681964590621,74.525652173913,"GA"
1510,1.46633706879343,1.46736218420867,71.1511111111111,"GA"
1511,1.87946504964716,1.93398214961845,39.456,"GA"
1512,2.26106841279111,2.59605041020155,58.0573333333333,"GA"
1513,2.68458871442321,3.16686831668061,52.8595652173913,"GA"
1514,2.42210574854897,2.81741139900021,59.1765217391304,"GA"
1515,2.3174737054878,2.750186886593,54.5055555555556,"GA"
1516,2.6249836024036,3.09347033370966,61.3226086956522,"GA"
1517,2.66755883974747,3.24821268847487,66.0657142857143,"GA"
1518,2.60712428251225,3.07786510309251,52.1166666666667,"GA"
1519,1.87180217690159,1.9823798288367,42.894,"GA"
1520,2.2321626286975,2.81556838731384,66.0906666666667,"GA"
1521,2.34790604292947,2.79344916774556,62.685,"GA"
1522,2.43992865450492,2.85215054507597,44.415,"GA"
1523,2.72361471764332,3.23602210135022,51.8935294117647,"GA"
1524,2.50959926237837,2.94934682443398,55.8495652173913,"GA"
1525,2.4619171315633,2.98464834587721,59.0981818181818,"GA"
1526,1.86371092275475,1.96657941418448,44.3695238095238,"GA"
1527,2.33081909928118,2.59464393702848,51.1390909090909,"GA"
1528,2.07380066178975,2.29369569914813,70.4085,"GA"
1529,1.145132304303,0.349650329001768,24.6571428571429,"GA"
1530,1.44691898293633,1.05779029414785,20.1266666666667,"GA"
1531,2.28577797467766,2.56289596864969,34.1158333333333,"GA"
1532,2.56452191569397,2.99820144486218,54.4977777777778,"GA"
1533,2.56144672691033,3.06183916642611,53.9681818181818,"GA"
1534,2.9579832042742,3.41017213928872,59.6209090909091,"GA"
1535,3.05112584595287,3.45023596217866,66.4882608695652,"GA"
1536,2.10572355857831,2.49961676416443,82.0065217391304,"GA"
1537,1.64397735585167,0.49962021992383,36.9873684210526,"NC"
1538,2.24923017835963,1.53661785081271,36.9714285714286,"NC"
1539,2.38723908360147,1.79183038869903,36.3595454545455,"NC"
1540,2.44125002555633,1.93211984624209,35.9713636363636,"NC"
1541,2.53978589825434,2.04746841425586,35.900652173913,"NC"
1542,2.67324869436354,2.25512882140291,35.9466666666667,"NC"
1543,2.73949013963418,2.30035533620573,35.9036363636364,"NC"
1544,2.38416507998647,2.79986944619337,37.1890909090909,"NC"
1545,2.20362914501114,2.66068510799302,49.3955072463768,"NC"
1546,2.06399679631199,2.60445945503188,51.143768115942,"NC"
1547,2.23393377807684,2.76815863401843,51.6088405797101,"NC"
1548,2.29011637627626,3.03329330473412,55.3317391304348,"NC"
1549,2.248633807032,2.6941472379622,49.8973913043478,"NC"
1550,2.39690664197143,3.14088608088564,49.6028985507246,"NC"
1551,2.20429355026371,2.53556726544409,40.3519230769231,"NC"
1552,2.48516024081948,3.00239121294415,53.0516666666667,"NC"
1553,2.47927487906675,2.96281973788808,49.5236170212766,"NC"
1554,2.48881205722525,3.08099211750481,53.4389583333333,"NC"
1555,2.37300303554124,2.84089899365855,49.8589361702128,"NC"
1556,2.31905737264952,2.904522371761,58.9510204081633,"NC"
1557,2.06012575238054,2.51069445600147,63.1219607843137,"NC"
1558,2.12069822431822,2.749442467769,59.984693877551,"NC"
1559,2.15236869271503,2.62826430425027,60.8377083333333,"NC"
1560,2.00429624239065,2.45746842362181,59.3508510638298,"NC"
1561,1.96131877440816,2.34912289503202,55.6708695652174,"NC"
1562,2.32854943106315,3.03811131611511,54.4278260869565,"NC"
1563,2.0834010836414,2.43162816730098,55.8070212765957,"NC"
1564,2.10091389719831,2.24990327524534,57.6606666666667,"NC"
1565,2.2269032333563,2.4748563139345,60.1662162162162,"NC"
1566,2.03323397722699,2.3027100851822,44.3625,"NC"
1567,1.85617779083426,1.37650299199061,49.5030769230769,"NC"
1568,2.01153503640511,1.76361343667323,59.90875,"NC"
1569,1.98196052906118,2.26212535169275,62.4658823529412,"NC"
1570,1.95794918935442,2.00359292504833,52.3818,"NC"
1571,1.99055092967793,2.06904346567623,51.9498039215686,"NC"
1572,2.21503602206582,2.50538395708065,50.186170212766,"NC"
1573,2.17514690030772,2.51493436322636,51.2061224489796,"NC"
1574,1.79617001829611,2.01316237606448,54.79,"NC"
1575,2.08231783595924,2.49001435616538,54.8727659574468,"NC"
1576,2.19751439040882,2.57663113770536,56.825,"NC"
1577,2.20353313886667,2.1309712211697,72.2734,"NC"
1578,2.18941639488841,2.55941568022345,62.550612244898,"NC"
1579,2.4694986995632,2.92334077613223,54.9778,"NC"
1580,2.60686774069453,3.21914245598563,52.72,"NC"
1581,2.76330664631541,3.52978602343919,62.2951020408163,"NC"
1582,2.44000023842552,3.04163352071605,55.471875,"NC"
1583,2.45298963436359,3.09655424471262,58.3144,"NC"
1584,2.8490730702551,3.52759966429318,60.2554285714286,"NC"
1585,1.80500469597808,1.5391942590455,35.3854166666667,"NC"
1586,1.86002744035706,1.61256345760749,49.8914583333333,"NC"
1587,2.04356760277695,1.81887526304125,50.7173333333333,"NC"
1588,2.30158459266046,2.42454618390057,51.5547916666667,"NC"
1589,2.51972806811167,2.75761301356196,45.02125,"NC"
1590,2.40223367439697,2.6395230596555,45.233829787234,"NC"
1591,2.61849012438957,2.97404509382608,47.2591666666667,"NC"
1592,2.51705110311457,2.87458107198984,34.6018181818182,"NC"
1593,2.55297155461516,3.11933409597941,53.3095833333333,"NC"
1594,2.64484798477915,3.12427206215922,48.4576086956522,"NC"
1595,2.33870736544884,2.87537255152546,53.4934042553191,"NC"
1596,2.72238179406445,3.27592440981083,48.1089361702128,"NC"
1597,2.64222002488122,3.23488610405346,53.0428260869565,"NC"
1598,2.36449788731744,2.69052555694132,52.46,"NC"
1599,2.77727879359705,3.32328806496789,49.8328571428571,"NC"
1600,3.06864906033756,3.64941871215605,61.6444827586207,"NC"
1601,1.6019554429953,2.10693879113706,68.7217391304348,"NC"
1602,1.56798165884307,1.25730749191269,55.7912,"NC"
1603,1.79624216056069,1.87445195188524,54.6636538461538,"NC"
1604,2.1387353550898,2.4518418294143,56.2708510638298,"NC"
1605,2.22565709479025,2.60563756376833,59.1863461538462,"NC"
1606,1.78251396239184,1.86547226324017,65.3369387755102,"NC"
1607,1.84191954600943,1.80058405415574,55.506,"NC"
1608,2.33669242059786,2.39470177320523,63.975652173913,"NC"
1609,2.31670236503132,2.6190975471137,72.0357142857143,"NC"
1610,1.95099039045054,1.79547237461938,67.3626,"NC"
1611,1.54580333044649,1.07895168027228,46.6226086956522,"NC"
1612,2.11352785889401,2.20218808414114,55.7341509433962,"NC"
1613,2.00616934057351,2.00398371797214,48.0385416666667,"NC"
1614,2.27248440482841,2.40148565759077,51.4798039215686,"NC"
1615,2.54406386983619,2.69930677449726,50.039347826087,"NC"
1616,2.55131163451993,2.79368704286869,52.134375,"NC"
1617,2.68784749378469,2.96875808286996,58.1215217391304,"NC"
1618,2.13647917527928,2.29525393779938,53.3116666666667,"NC"
1619,2.01165136281715,1.99753568638071,44.3258333333333,"NC"
1620,2.43912825004733,2.6538541470567,50.6669230769231,"NC"
1621,2.66620110924972,2.9289187026841,47.9583673469388,"NC"
1622,2.31339600909826,2.49023061654372,59.1992156862745,"NC"
1623,1.55309757819801,1.14075514959056,41.3645833333333,"NC"
1624,2.31193257320673,2.5111769026034,52.0808695652174,"NC"
1625,2.68550817289733,3.08913681797116,68.2178846153846,"NC"
1626,2.5675546563733,2.80579921393247,49.9197826086957,"NC"
1627,1.88555334851442,1.17328945697701,49.598,"NC"
1628,2.21896716123693,2.23905861994947,61.705306122449,"NC"
1629,2.52203487420959,2.93004139788965,61.6382978723404,"NC"
1630,2.77752218484969,3.17429678147023,56.3333962264151,"NC"
1631,2.50083964879966,2.82271277272196,53.945625,"NC"
1632,2.83839172890454,3.16780828684168,50.2957692307692,"NC"
1633,2.55354680207202,2.79592835209315,63.5173469387755,"NC"
1634,1.67961269388587,1.75860726191115,58.5025,"NC"
1635,1.97673450725569,1.99633557212746,53.8014285714286,"NC"
1636,2.3102944299771,2.51176493729087,57.6619230769231,"NC"
1637,2.82599483986172,3.19969300545143,63.2171739130435,"NC"
1638,1.97014818174544,1.94296586029583,43.4557446808511,"NC"
1639,2.16781069212993,2.19409569392299,44.2224489795918,"NC"
1640,2.64494061024813,2.91151540725197,56.4714893617021,"NC"
1641,2.3942937537853,2.79060722774246,72.2186,"NC"
1642,1.73303973485952,1.87789284413946,56.6328571428571,"NC"
1643,1.28358732669574,0.657745253509029,48.9395744680851,"NC"
1644,1.83577635464483,1.71809732855742,46.1255319148936,"NC"
1645,1.78798423605248,1.63538812910151,47.3374,"NC"
1646,2.19577425075857,2.23458551684578,52.4948979591837,"NC"
1647,2.52992850817242,2.73546797652369,49.5558333333333,"NC"
1648,2.26799364822443,2.41985269793223,52.0287755102041,"NC"
1649,2.49986665260839,2.80212993603342,68.2190384615385,"NC"
1650,2.45205402306052,2.82509866751175,67.2198039215686,"NC"
1651,1.29222254466185,0.660444310478194,56.4495744680851,"NC"
1652,2.05429094379543,2.08284155218925,50.7318367346939,"NC"
1653,2.2745129124554,2.46310505619232,62.7935555555556,"NC"
1654,1.63603750727417,1.43315028870949,69.8678,"NC"
1655,1.77936412277334,1.64348921135121,53.3933333333333,"NC"
1656,2.50854658033466,2.83975762738945,57.8975510204082,"NC"
1657,1.98590695848348,2.10342694066223,72.2361818181818,"NC"
1658,1.54320520334706,1.25462458864207,41.7660869565217,"NC"
1659,2.15894564279243,2.25512071624662,42.272,"NC"
1660,2.02705115447791,1.88149860398292,25.1521428571429,"NC"
1661,2.6701827747417,2.93446568847685,42.8765306122449,"NC"
1662,2.91532355687835,3.26884679609635,57.5986274509804,"NC"
1663,3.08912361752234,3.46640144214884,67.3394339622642,"NC"
1664,2.01229091631434,1.94078315682769,51.63,"NC"
1665,2.67762087513728,2.94643545931996,53.846875,"NC"
1666,2.4906509889999,2.60984598253213,60.0538,"NC"
1667,2.63198267370724,2.83480627756226,64.3665957446809,"NC"
1668,2.58376782957544,2.77699927130784,61.1108,"NC"
1669,2.23672395845842,2.19793286106565,66.6214285714286,"NC"
1670,1.65441127807683,1.32554662566468,61.9629787234043,"NC"
1671,1.55777841828049,1.05899729489789,44.3323404255319,"NC"
1672,1.6177510881243,1.35974949068034,47.0010638297872,"NC"
1673,1.97712365620623,1.99778216720795,54.7558,"NC"
1674,2.57081838858068,2.83166056196125,70.0316,"NC"
1675,1.59083109161541,1.50937733691049,73.54,"NC"
1676,1.51350144959897,1.15715460759352,43.0375,"NC"
1677,1.83466624560139,1.77384636001552,48.0708510638298,"NC"
1678,2.13622246882171,2.26141581595597,62.0128,"NC"
1679,1.82019740454859,1.77377825906719,67.6086206896552,"NC"
1680,1.85234674207438,1.6201737275787,45.5951162790698,"NC"
1681,2.34714271007551,2.21432392348129,50.471568627451,"NC"
1682,2.29143621808686,1.53174268880847,63.8160784313726,"NC"
1683,1.79941127874172,1.30074436638375,68.0714,"NC"
1684,1.8982063510981,2.02469071321241,75.7286,"NC"
1685,1.77096504591694,1.81732362367816,76.5167307692308,"NC"
1686,1.73157858952324,1.60705827173951,65.7056603773585,"NC"
1687,1.97962120639763,2.16194625110335,55.5617391304348,"NC"
1688,1.75410274979005,1.58181346999579,25.4146808510638,"NC"
1689,1.82679081722606,1.57987476235702,36.7730612244898,"NC"
1690,2.10211727550149,2.39160411515051,57.1520408163265,"NC"
1691,1.91845596285305,1.90301561493309,35.23,"NC"
1692,1.88429901595187,1.75410274979005,34.336170212766,"NC"
1693,2.06741296581423,2.10600585506207,37.5536170212766,"NC"
1694,2.36073094186484,2.51534448023263,48.0122916666667,"NC"
1695,2.42387886700296,2.51800030676662,55.4122,"NC"
1696,1.53011233886277,1.19917872236126,61.6167346938776,"NC"
1697,1.74609485023201,1.67763819937749,48.3064583333333,"NC"
1698,2.07502964966822,2.23027928637655,57.8826,"NC"
1699,2.12833522016021,2.41439865592733,54.8208163265306,"NC"
1700,2.16512050966757,2.40830206685223,51.7614285714286,"NC"
1701,2.21784386453895,2.46268234259062,50.270303030303,"NC"
1702,2.29532475787727,2.55408862868853,58.0630555555556,"NC"
1703,2.23416659068702,2.58944617635258,68.7603571428571,"NC"
1704,1.93611073849012,2.14057754167157,53.8406896551724,"NC"
1705,1.663102306585,1.34812961197945,36.8568,"NC"
1706,2.45164207660773,2.65464942437509,39.1579310344828,"NC"
1707,2.47615817578055,2.86313921606553,63.581,"NC"
1708,2.2256517934086,2.63404478779171,76.611568627451,"NC"
1709,1.18631786908722,0.37752277645157,77.632,"NC"
1710,2.00360130078382,2.09239302228316,48.724,"NC"
1711,2.08065234682089,2.20099523723241,69.0342,"NC"
1712,1.80939712490572,1.88148366645912,61.5138775510204,"NC"
1713,2.08088281024544,2.21151514147131,69.279375,"NC"
1714,1.46484341653664,1.27427824685033,42.7738636363636,"NC"
1715,1.84275561802295,1.8090724981974,33.6770833333333,"NC"
1716,2.45437273459716,2.78999077224486,46.7155102040816,"NC"
1717,2.57068538332677,2.98508887649896,55.1222448979592,"NC"
1718,2.62328964232386,3.02881819214498,60.56875,"NC"
1719,2.15724731705038,2.49319233432171,69.7576744186047,"NC"
1720,2.04962645660065,2.27463756770588,64.1864705882353,"NC"
1721,1.95770368514893,2.18985448966992,57.4128846153846,"NC"
1722,2.03969460313774,2.1957258702946,50.7826923076923,"NC"
1723,2.20108186273598,2.37743709470733,46.0465306122449,"NC"
1724,2.44385619349983,2.61501112459984,41.0404347826087,"NC"
1725,2.21394301650705,2.63158442191902,71.3632558139535,"NC"
1726,2.18237528698601,2.69224893268137,68.75,"NC"
1727,1.23687206816465,0.898563093156541,43.8205405405405,"NC"
1728,1.74529992039691,1.50751064985154,37.6059090909091,"NC"
1729,1.81800619346211,1.75270975594622,41.6795652173913,"NC"
1730,1.79689120684605,1.61503093791831,32.5148148148148,"NC"
1731,2.85108282536173,3.093428610562,35.775,"NC"
1732,2.43277568407761,2.70395090135127,64.3615384615385,"NC"
1733,1.62544546876173,1.3666712631619,53.5034782608696,"NC"
1734,1.97781554063222,1.90320348364252,47.0751612903226,"NC"
1735,2.22096355341419,2.43015912053236,55.0353658536585,"NC"
1736,1.2947271675944,0.81612741531917,36.1492307692308,"NC"
1737,1.94685358143402,1.95903788770087,36.3528205128205,"NC"
1738,2.33324080291002,2.41082840591777,36.4576595744681,"NC"
1739,2.14205906126616,1.99231158058429,56.4074,"NC"
1740,2.25995055938092,2.24185469635288,52.8702127659574,"NC"
1741,2.63162431086494,2.97188397354906,58.9377777777778,"NC"
1742,2.72805172876417,3.07015386112153,59.7502083333333,"NC"
1743,1.70292825552144,1.41922442656284,26.3917391304348,"NC"
1744,2.46018323962194,2.5730988912794,38.7885416666667,"NC"
1745,2.01019630915997,2.0679262187492,47.1821153846154,"NC"
1746,2.4581012996923,2.73436750941958,54.4972340425532,"NC"
1747,2.77166438212558,3.18542394718646,60.3434,"NC"
1748,2.66132312469424,3.09190505880934,57.4686,"NC"
1749,2.65538296557799,2.90691689879694,50.0469565217391,"NC"
1750,1.95086678869524,1.97267101470974,53.804375,"NC"
1751,2.07721079454296,2.17335087250554,54.2624,"NC"
1752,1.63979075062543,1.63229587930657,68.2310638297872,"NC"
1753,1.9792608243888,2.90150122142682,67.6796,"NC"
1754,1.6071073298827,1.66034916664048,71.5937777777778,"NC"
1755,1.62376950539634,1.43249317893123,57.4547826086957,"NC"
1756,2.53105290677264,2.8359358789364,61.578947368421,"NC"
1757,3.2229198108364,3.60760652142479,51.6602083333333,"NC"
1758,3.07194827070813,3.44489523692787,46.7104255319149,"NC"
1759,1.93834465694134,1.87985981246563,31.8486486486486,"NC"
1760,1.87267136426618,1.8432375291541,42.9017391304348,"NC"
1761,1.22134280767107,0.892977602142243,57.8804166666667,"NC"
1762,1.74389279155715,1.77594669794703,42.3864,"NC"
1763,1.65332997208667,1.45008532029394,27.7888461538462,"NC"
1764,1.70371989584144,1.46922586877856,32.1824,"NC"
1765,1.80500469597808,1.7509374747078,43.61,"NC"
1766,2.20159410201103,2.37605420565831,45.5216666666667,"NC"
1767,2.43380403134726,2.78769149042554,51.7729166666667,"NC"
1768,2.60291510287011,2.95946285322244,45.328,"NC"
1769,2.06034735902965,2.19320685525333,58.6637037037037,"NC"
1770,1.72988406550997,1.48584455122053,24.1565384615385,"NC"
1771,2.00136248449226,2.10876287376894,37.6526086956522,"NC"
1772,2.16731305589174,2.26797114369539,49.9575,"NC"
1773,2.10247773089335,2.11621248461687,60.4,"NC"
1774,2.17928687664955,2.35762137366043,58.8333333333333,"NC"
1775,1.9243755880448,1.94932047634136,62,"NC"
1776,1.96832779289322,2.03453513031736,54,"NC"
1777,2.11394798283675,2.40302045649892,64,"NC"
1778,2.07562993891651,2.24840433870909,68.5,"NC"
1779,1.9193705938207,1.96446705834549,50,"NC"
1780,1.95586047990848,2.12823170584927,72.6,"NC"
1781,2.47287807392239,3.09860273507689,58,"NC"
1782,2.60678901580445,3.45109804011561,62,"NC"
1783,2.18741819747427,2.95685584895269,62.5,"NC"
1784,1.98297852369982,2.74735452280033,66,"NC"
1785,2.23379406448947,3.05149599545637,63,"NC"
1786,2.24918431626693,3.10326000432112,65,"NC"
1787,1.98751692871884,2.60747692008463,67.6666666666667,"NC"
1788,1.88845209222678,2.33104578303334,68.6666666666667,"NC"
1789,1.81707132481368,2.04362929880066,73,"NC"
1790,2.13133248352752,2.47225448385762,71,"NC"
1791,1.7227665977411,2.30639600405753,72,"NC"
1792,1.67660883532517,1.3372867820132,58,"NC"
1793,1.6690185111872,1.81142000060925,76.5714285714286,"NC"
1794,1.57808184390273,1.53480806499672,75,"NC"
1795,2.07889791568113,2.36335292706151,73,"NC"
1796,2.0787347702366,2.38215946359014,60,"NC"
1797,1.95241071365841,2.24527833055508,72,"NC"
1798,2.26293994195366,2.73698970369554,73.5,"NC"
1799,2.54536075408335,3.267980639323,66,"NC"
1800,2.26303041103591,2.79767892280173,64,"NC"
1801,1.95018670582257,2.20478050037939,63,"NC"
1802,2.44852827018645,2.68357930306179,60,"NC"
1803,2.36719154660676,2.59220007877336,74,"NC"
1804,3.64901940619495,2.5597855462353,56.5,"NC"
1805,2.56935435690905,2.23514381219851,70,"NC"
1806,2.43650771342681,2.96637062578927,70,"NC"
1807,2.21408644455643,2.66399230035156,73,"NC"
1808,2.36702850091285,2.85841733482188,71,"NC"
1809,2.63173243128359,3.30769860375663,72,"NC"
1810,2.58910344510764,3.2078588383836,72,"NC"
1811,2.00095107069234,1.95917580711018,73.5,"NC"
1812,1.90928482273394,1.69999372512115,71.6666666666667,"NC"
1813,1.86735443050336,2.06276479296145,56.232,"NC"
1814,1.95813327796292,2.17198108840365,57.8542307692308,"NC"
1815,2.23984920146217,2.70673018132315,51.4745833333333,"NC"
1816,2.12356243666558,2.60863013801043,53.4447826086957,"NC"
1817,2.27691047665666,2.75507206707374,53.525,"NC"
1818,2.57658706154175,3.17838891912697,53.4907692307692,"NC"
1819,2.39665483435112,2.89850776258644,50.6745833333333,"NC"
1820,2.4147225929309,3.01624659898021,57.8960869565217,"NC"
1821,2.19136201542531,2.65933177349008,63.6436,"NC"
1822,2.30960388182708,2.86488051730859,60.4151851851852,"NC"
1823,2.60331911694044,3.21869580866626,52.8390909090909,"NC"
1824,2.33325285015933,2.82853856875478,38.1371428571429,"NC"
1825,2.07900666452578,2.5152917603247,52.4180769230769,"NC"
1826,2.04746342637019,2.260790403337,61.3404347826087,"NC"
1827,1.80033371619819,1.94191408015854,76.7646666666667,"NC"
1828,2.11476272012906,2.48452959458464,58.2973913043478,"NC"
1829,2.14567699178392,2.55081990489349,57.8719230769231,"NC"
1830,2.42032948056061,3.00674746986685,60.9846153846154,"NC"
1831,2.30588399345954,2.81432768751817,59.4254166666667,"NC"
1832,2.36118208511047,2.84389774994456,54.6779166666667,"NC"
1833,1.97865989894556,2.21650608753507,59.8819230769231,"NC"
1834,1.86737768754927,2.10057533713936,62.8191666666667,"NC"
1835,1.84927936975204,2.2068605416354,70.7530434782609,"NC"
1836,1.65116384610432,1.75703298968678,75,"NC"
1837,2.06548591772993,2.22584489703504,73.5,"NC"
1838,2.15257077415454,2.5685215648424,74.1666666666667,"NC"
1839,2.46340910867569,2.96847278239129,73,"NC"
1840,2.33702852681058,2.9185225058358,73.4,"NC"
1841,2.04014691275137,2.49833063630325,72,"NC"
1842,1.89324291353109,2.17662743159528,72,"NC"
1843,2.19364329295877,2.6633256740618,69.3333333333333,"NC"
1844,2.33904851179916,2.08137149630056,68,"NC"
1845,1.97323525783289,1.8971634622016,68.5,"NC"
1846,2.19997441624968,2.44762608231982,70,"NC"
1847,2.54846813127774,3.13302221896135,68.908,"NC"
1848,2.51485231963773,2.50435399943096,67.5,"NC"
1849,2.04522134853871,2.30566729464837,70,"NC"
1850,2.14292651890443,2.39757901726126,70.5,"NC"
1851,2.37887718615452,2.84439245436876,63.7616666666667,"NC"
1852,1.61872795934119,0.980829253011726,35.0333333333333,"NC"
1853,1.74112385325948,1.20746669358019,33.1075,"NC"
1854,1.79125934418637,0.992510757785564,32.819,"NC"
1855,1.89160480419777,1.24002917556662,42.81,"NC"
1856,2.05489266875842,1.34807314829969,38.506,"NC"
1857,1.82099459449639,0.983575478679751,40.802,"NC"
1858,1.976063187226,1.11934818714729,39.9671428571429,"NC"
1859,1.87187543429146,2.04103478289009,72.4238095238095,"NC"
1860,2.32322770353995,2.65449871983107,57.6771428571429,"NC"
1861,1.61818217835817,1.31640823365572,52.6434782608696,"NC"
1862,1.67678498589371,1.6264588967684,64.6408333333333,"NC"
1863,2.03232611072518,2.13276686101466,38.3081818181818,"NC"
1864,2.0371980828122,2.26365524662583,59.9136363636364,"NC"
1865,2.77844653172394,3.31875735827777,66.7406666666667,"NC"
1866,2.62294945560567,3.36688706190557,73.5866666666667,"NC"
1867,1.98650354602057,2.31092521726905,62.8125,"NC"
1868,2.12501224322229,2.46449133483707,55.191,"NC"
1869,2.30438347493543,2.9954989129942,56.7906666666667,"NC"
1870,2.00664680941312,1.99152066030737,30.3433333333333,"NC"
1871,2.74791173452734,3.35632453477677,53.0121428571429,"NC"
1872,3.02759424670274,3.35187582632944,44.88625,"NC"
1873,2.6736887735849,3.57365564085248,67.71,"NC"
1874,1.72988406550997,1.16627093714192,43.7,"NC"
1875,1.98650354602057,1.84134296941688,30.695,"NC"
1876,2.5807217526023,3.03511323027784,32.09,"NC"
1877,2.70113747427725,3.30920391769207,47.085,"NC"
1878,2.91304917836138,3.64608378699217,63.6528571428571,"NC"
1879,2.39760815024292,2.93167083157851,51.9226315789474,"NC"
1880,1.62793249507026,1.44456326924387,39.5441666666667,"NC"
1881,1.78751972497002,1.41510605835844,41.9030769230769,"NC"
1882,1.91809839127107,0.664747706038247,41.728,"NC"
1883,2.22857967968355,2.85493646358853,54.2666666666667,"NC"
1884,2.36803229206783,2.77887573567017,38.0645454545455,"NC"
1885,2.48719569459147,3.26432708777212,61.6,"NC"
1886,1.5051878910603,1.29677985391214,32.146875,"NC"
1887,1.76814960358892,1.05082162483176,50.9,"NC"
1888,1.79556175517779,1.5828005529058,38.6085714285714,"NC"
1889,2.36095881742754,2.7902103235896,31.5755555555556,"NC"
1890,2.23932575335485,2.57642175862377,36.477,"NC"
1891,3.14640070691636,3.85328687706268,62.2744444444444,"NC"
1892,1.11514159061932,0.258510695151501,26.8425,"NC"
1893,2.13298230860787,2.44147709186066,33.0825,"NC"
1894,2.01756613796175,1.60039716778195,44.965,"NC"
1895,2.5701394853257,3.23465653425417,53.6929411764706,"NC"
1896,2.52068063038056,3.07040311247857,48.3994117647059,"NC"
1897,1.29746314741327,0.951657875711446,46.53,"NC"
1898,0.918288734536828,0.14889881767231,39.6527777777778,"NC"
1899,1.63819685175235,0.927754186451974,38.2635294117647,"NC"
1900,1.78423120280726,1.19341729038642,30.4833333333333,"NC"
1901,2.3434070875143,2.74234426832618,47.68,"NC"
1902,2.98031402082561,3.89747773398611,67.254,"NC"
1903,2.83946825107933,3.6484480083196,56.9666666666667,"NC"
1904,2.90690105984738,3.66896369541864,56.755,"NC"
1905,2.86752004240707,3.62158157388876,59.2866666666667,"NC"
1906,2.09573662416634,2.5235548547674,37.8771428571429,"NC"
1907,1.87180217690159,1.62334081760309,34.7,"NC"
1908,2.60305998724458,3.18304137185898,42.7075,"NC"
1909,2.99944758544962,3.8499821033824,63.37,"NC"
1910,2.08598260222322,2.86120038059588,48.0825,"NC"
1911,1.64287268852034,0.72270598280149,30.168,"NC"
1912,1.97388259363719,2.24465327090733,50.19,"NC"
1913,2.04640168760164,2.2364452904895,45.17,"NC"
1914,1.73430689447997,1.51237619959097,32.05,"NC"
1915,1.6027336709638,1.24611755997546,33.8079545454545,"NC"
1916,2.04898233419513,2.16176187337765,31.8907142857143,"NC"
1917,2.13252649931058,2.5416625609822,40.9015384615385,"NC"
1918,2.29326910635658,2.58131815128955,32.2381818181818,"NC"
1919,1.96380109540226,1.99432918685196,37.5236363636364,"NC"
1920,2.65183252110398,3.65195610000934,71.5,"NC"
1921,2.7386871705641,3.24024585060439,70.4733333333333,"OK"
1922,2.20113847665736,2.59067884539989,64.8017647058823,"OK"
1923,2.08069076108027,2.56855822228361,70.874,"OK"
1924,2.51230562397611,3.1660374778522,68.3666666666667,"OK"
1925,2.66607012886133,3.14845336057165,55.6141666666667,"OK"
1926,2.5026647047097,2.61036386714495,53.028,"OK"
1927,2.15481750658334,2.66316293701579,76.011052631579,"OK"
1928,2.58486800076806,3.0462425691703,74.0661538461539,"OK"
1929,2.59468048931261,2.66605230180163,52.5884615384615,"OK"
1930,2.33422217793723,2.34769502401767,46.875,"OK"
1931,2.13699239058437,2.4013281090458,57.0339130434783,"OK"
1932,2.01803536452858,2.1026984038441,61.4241176470588,"OK"
1933,2.41647165837131,2.48198572136034,56.1225,"OK"
1934,2.69732623773923,3.04810332029111,48.2866666666667,"OK"
1935,2.58173083442354,2.93933827335783,47.9173333333333,"OK"
1936,2.33613364119486,2.48984541438027,54.0876470588235,"OK"
1937,2.59525470695687,2.62218102869136,50.5107142857143,"OK"
1938,2.66025953726586,2.54379306712406,48.7328571428571,"OK"
1939,2.47324471004016,2.31982689942855,54.2439130434783,"OK"
1940,1.91820056762755,1.57772287414208,65.035652173913,"OK"
1941,2.20775099032321,2.34093546413961,66.7014285714286,"OK"
1942,1.93427813285281,1.80068774723861,61.2495238095238,"OK"
1943,2.52744146231193,2.87348392607233,66.7507142857143,"OK"
1944,2.1669736164162,2.24495598015741,65.7963636363636,"OK"
1945,1.99401980962584,1.72659853220768,52.512,"OK"
1946,2.58466325754946,2.96962984410928,60.7188235294118,"OK"
1947,2.15630193362862,2.24311198184769,61.7995652173913,"OK"
1948,2.12252185384536,2.30440951468076,65.7421739130435,"OK"
1949,2.25018315104283,2.44531744769838,63.1052631578947,"OK"
1950,2.8247215079059,3.39135746138018,61.215625,"OK"
1951,2.93518577368596,3.54837739416933,58.079375,"OK"
1952,2.80157625911303,3.32476090879838,55.3288235294118,"OK"
1953,2.79850010402428,3.2918040537794,56.154,"OK"
1954,2.83871289962225,3.21559545031806,49.608125,"OK"
1955,2.60145435483639,2.90808433036272,43.6188888888889,"OK"
1956,2.30100489777453,2.35427830740292,43.1568421052632,"OK"
1957,2.37769256548085,2.56894137873107,48.8085,"OK"
1958,2.44992693089197,2.75751474100381,52.526875,"OK"
1959,2.10108071678332,1.81787383487604,37.99125,"OK"
1960,1.64625188555682,1.22524493960148,74.5925,"OK"
1961,2.21161331478832,2.20722273791557,52.4569565217391,"OK"
1962,1.85771743701985,1.76511988676372,59.1495454545455,"OK"
1963,2.26492837355604,2.49979526228175,64.795652173913,"OK"
1964,2.28193863150905,2.27967241711518,62.2973913043478,"OK"
1965,2.31382602415541,2.68402475720965,67.4208695652174,"OK"
1966,2.05300828461168,2.18139953619182,65.3286956521739,"OK"
1967,1.97927584289911,1.83037904019311,64.68125,"OK"
1968,1.88772819367258,1.64547630986263,60.9939130434783,"OK"
1969,2.20386912005489,1.98437508217331,50.982,"OK"
1970,2.21066048003305,2.12038526792092,51.6978260869565,"OK"
1971,2.41280335588666,2.50800732784212,57.3121739130435,"OK"
1972,2.48960573669258,2.51386727118516,52.7730434782609,"OK"
1973,2.45137984048133,2.4748563139345,52.6939130434783,"OK"
1974,2.37490575457367,1.93079651124527,35.7275,"OK"
1975,1.94901092673356,1.66095726822437,59.6521739130435,"OK"
1976,2.13339433992807,2.13189991796538,61.8578260869565,"OK"
1977,2.78236223406676,3.13983261752775,62.4866666666667,"OK"
1978,1.93466705748113,1.5787993970773,57.6234782608696,"OK"
1979,1.91820056762755,1.4298951000471,42.8726086956522,"OK"
1980,2.09132714891382,1.63578345298987,45.614347826087,"OK"
1981,2.46809953147162,2.35707327827812,42.64,"OK"
1982,2.12159598143387,1.45732219769721,47.54,"OK"
1983,1.59894830576308,0.544344493532638,40.4378260869565,"OK"
1984,2.26898334644728,1.97944103162761,36.0208695652174,"OK"
1985,2.08702143720261,1.60123040979924,28.8430434782609,"OK"
1986,2.34722587361667,2.10052212442151,47.0482608695652,"OK"
1987,2.73464979594228,3.10220521371644,59.464347826087,"OK"
1988,2.0519846954468,1.5132940518812,23.7316666666667,"OK"
1989,2.63843601862913,2.33496810096128,39.7669565217391,"OK"
1990,2.49508197782965,2.19969626766617,40.3245454545455,"OK"
1991,2.32153484177371,2.1428245041122,46.8091304347826,"OK"
1992,2.66994191245355,2.61967821510935,50.9204347826087,"OK"
1993,1.97226778889783,0.99051049902082,36.0295652173913,"OK"
1994,2.15730796993078,1.12788963861396,29.2113043478261,"OK"
1995,2.13853045804984,1.2485304214074,34.024347826087,"OK"
1996,1.94591014905531,1.42603751302911,72.0847826086956,"OK"
1997,1.64614711317472,1.39645990772768,78.3704347826087,"OK"
1998,2.21636391754692,2.2146562992589,57.9873913043478,"OK"
1999,2.24624475875796,2.03020562600405,45.5047826086957,"OK"
2000,2.37954613413017,2.26817366622671,59.8504347826087,"OK"
2001,2.32579197889703,2.20290887415817,64.6808695652174,"OK"
2002,1.93278085761352,1.87053046560942,74.0513043478261,"OK"
2003,1.85697710753944,1.52794487818292,46.9804347826087,"OK"
2004,1.98548913533597,1.59153955781578,32.5321739130435,"OK"
2005,2.16132202449262,1.85948583855653,42.6482608695652,"OK"
2006,2.40498470776886,2.23973789438701,38.7417391304348,"OK"
2007,2.64586639337243,2.6067394451013,46.17,"OK"
2008,2.36126408929273,2.12817994467531,50.9286956521739,"OK"
2009,2.98655990088243,3.15577858342845,56.9191304347826,"OK"
2010,2.69756059443119,2.91932064667959,68.2060869565217,"OK"
2011,2.28636733671034,1.98906482448542,39.5434782608696,"OK"
2012,2.62309205076773,2.66474929119784,45.4904347826087,"OK"
2013,2.82422163286425,2.95357333499757,54.065652173913,"OK"
2014,2.18897810809574,2.04741229910756,61.9934782608696,"OK"
2015,2.22626732317542,1.86381046182472,39.9408695652174,"OK"
2016,2.33677645774232,1.95327427157045,29.9469565217391,"OK"
2017,2.54944517092557,2.40211560367247,39.6986956521739,"OK"
2018,2.64277711071779,2.58544031754462,44.98,"OK"
2019,2.46551698069111,2.2364452904895,36.764347826087,"OK"
2020,2.50641285500896,2.38051185125013,38.2026086956522,"OK"
2021,2.16830808084946,1.61308343335367,37.6817391304348,"OK"
2022,2.37335416388225,1.69910449141168,41.317619047619,"OK"
2023,2.15630193362862,2.06012575238054,62.274347826087,"OK"
2024,2.00382741912843,1.85989206740437,73.3221739130435,"OK"
2025,1.68317314432135,1.45039120864707,54.3308695652174,"OK"
2026,1.44024715936813,0.237303691211308,36.8413043478261,"OK"
2027,1.78958318980546,1.17718234060994,42.8452173913043,"OK"
2028,2.02986302336266,1.57862005704812,38.0913043478261,"OK"
2029,2.08877286910872,1.4416108017906,26.9375,"OK"
2030,2.11625551480255,1.55841917989333,34.1,"OK"
2031,2.66994191245355,2.71708175730635,51.9452173913043,"OK"
2032,2.68962054389458,2.73552437810295,41.87,"OK"
2033,2.92968536900111,2.94875459627216,49.135652173913,"OK"
2034,2.37146201573022,2.14801403496518,52.4069565217391,"OK"
2035,1.82665086900667,1.02010222232471,32.8339130434783,"OK"
2036,2.02154756326093,1.20597080698861,39.395,"OK"
2037,2.32068123523447,2.03760000586481,43.03,"OK"
2038,2.74447995514547,2.80095960939634,45.6269565217391,"OK"
2039,2.64277711071779,2.54406386983619,50.7939130434783,"OK"
2040,3.31623923132767,3.51521164970898,71.9865217391304,"OK"
2041,2.90571242307365,3.19869086362215,69.8878260869565,"OK"
2042,2.65690945038058,2.82759657649099,55.1273913043478,"OK"
2043,1.56861591791385,0.318453731118535,16.55,"OK"
2044,2.20779651626162,1.65216417963222,26.8791304347826,"OK"
2045,2.64586639337243,2.44257385274439,34.205652173913,"OK"
2046,3.24038203008916,3.52326109719355,62.7060869565217,"OK"
2047,2.90832556151276,3.20260504022315,58.71,"OK"
2048,2.39561995896123,2.06844378747029,30.695,"OK"
2049,2.64494061024813,2.57615721710575,37.3247826086956,"OK"
2050,2.34096933600236,2.09046748842675,35.2482608695652,"OK"
2051,2.64463182531439,2.79308377812364,51.0204347826087,"OK"
2052,3.36864424580244,3.59395941558591,62.4147826086957,"OK"
2053,2.74949808666832,2.87841652000866,72.2308695652174,"OK"
2054,1.74122866058084,1.36720017846971,59.5113043478261,"OK"
2055,1.44333199471934,0.505769384243123,44.9552173913043,"OK"
2056,1.44101926080914,0.924258901523332,38.525,"OK"
2057,1.64362927718238,1.39893156553318,44.7017391304348,"OK"
2058,1.66524275360292,1.45740093918333,38.0995652173913,"OK"
2059,1.72043468840612,1.24628238748952,40.7160869565217,"OK"
2060,1.79609787082665,0.625705899764413,32.7121739130435,"OK"
2061,2.21739024693081,1.7975758545495,21.8483333333333,"OK"
2062,2.06741296581423,1.87926589274406,47.5239130434783,"OK"
2063,2.34703685556488,2.6432045621017,69.6981818181818,"OK"
2064,2.1865396772362,2.47001368945871,59.5517391304348,"OK"
2065,2.2508340279416,2.39437128427691,51.75,"OK"
2066,2.51312784754978,2.99401340584258,64.9413043478261,"OK"
2067,2.68537071233279,3.21820287121295,64.0209090909091,"OK"
2068,2.64308646880224,3.24777590450103,65.4834782608696,"OK"
2069,2.57889843783907,3.13481345496341,56.9230434782609,"OK"
2070,1.81539107376133,2.04578358851753,74.9913043478261,"OK"
2071,1.64110508568647,1.53283854501658,54.4834782608696,"OK"
2072,1.77200031924759,1.746246537756,42.1547826086956,"OK"
2073,1.92138832933243,1.88304310806296,42.285652173913,"OK"
2074,2.31253542384721,2.35375337956845,41.705,"OK"
2075,1.81609853753332,1.75748303469887,69.3352173913043,"OK"
2076,1.84674160364541,2.21194659257844,60.9534782608696,"OK"
2077,1.67027641511971,1.85473426838944,54.3745454545455,"OK"
2078,2.06686275947298,2.24835843872515,52.2313043478261,"OK"
2079,2.30951752976969,2.70834001417481,51.18,"OK"
2080,1.6094379124341,1.18682664549097,24.3266666666667,"OK"
2081,2.18213546165126,2.57873351658859,73.6121739130435,"OK"
2082,2.19819029445618,2.59070185356395,71.5960869565217,"OK"
2083,2.16032002040077,2.56578512850893,61.7152173913043,"OK"
2084,2.23328161426745,2.69776561149226,55.7991304347826,"OK"
2085,2.27687272986556,1.94985838844616,51.8653846153846,"OK"
2086,2.41094111763167,2.94983375786968,69.8088888888889,"OK"
2087,2.21446638377073,2.43605126610052,63.7291304347826,"OK"
2088,2.25312078859967,2.56688727781142,50.4765217391304,"OK"
2089,1.8910144273234,2.00024539586153,47.9717391304348,"OK"
2090,1.9649817821669,1.91115151569014,41.1665217391304,"OK"
2091,2.07344533946767,2.04042950240482,49.1739130434783,"OK"
2092,2.29779101102937,2.73003855957216,53.4613043478261,"OK"
2093,1.80828877117927,1.708377860289,39.48,"OK"
2094,2.08377994327843,2.48091317924205,60.664347826087,"OK"
2095,1.89885760478442,2.10227665075085,49.0839130434783,"OK"
2096,1.64698498502935,1.09075541717289,37.0734782608696,"OK"
2097,2.07235124745481,2.08155886378792,46.2239130434783,"OK"
2098,2.69286299330868,3.18606513226222,57.014347826087,"OK"
2099,2.83551248927644,3.41491446503372,68.0265217391304,"OK"
2100,1.98489194212623,2.16142216970326,47.394347826087,"OK"
2101,1.77126094767971,1.69113810859061,40.665652173913,"OK"
2102,2.29253475714054,2.61300665241532,42.33,"OK"
2103,2.11363290642812,2.23844069707748,40.5252173913044,"OK"
2104,2.2314159420845,2.26108351978641,34.4034782608696,"OK"
2105,2.42940925977593,2.73470624368579,55.3578260869565,"OK"
2106,2.11677921211748,2.52645881245321,70.5530434782609,"OK"
2107,1.67587680064284,1.7127005769663,59.0839130434783,"OK"
2108,1.91883893343283,2.2704211612169,58.0860869565217,"OK"
2109,1.28093384546206,0.451075619360217,16,"OK"
2110,1.73486839932767,1.81326889817045,43.7931818181818,"OK"
2111,2.10942237389177,1.99203482963861,34.2226086956522,"OK"
2112,1.88509140902027,1.37646358833676,35.2821739130435,"OK"
2113,2.10006082888257,2.13849630446115,34.6066666666667,"OK"
2114,2.4610741744199,2.7174838250889,47.4308695652174,"OK"
2115,2.41085441744088,2.54273110586274,36.9491304347826,"OK"
2116,2.27659816487773,2.08675171366759,40.1,"OK"
2117,1.67016483080835,0.711456792755282,28.0895652173913,"OK"
2118,3.20627502810972,3.50644484745183,23.2752173913043,"OK"
2119,2.41834588326966,2.49729175793822,48.0463636363636,"OK"
2120,1.68020698332231,1.65121944644906,55.04,"OK"
2121,1.98581743964717,2.27936764181786,59.786,"OK"
2122,2.32354045817003,2.5593682008819,57.0917647058824,"OK"
2123,2.30345428035863,2.4321630288228,41.3204347826087,"OK"
2124,1.77642510522795,1.77399389616215,58.8239130434783,"OK"
2125,1.43301198568735,1.36830747567065,74.6573913043478,"OK"
2126,1.53358929580259,1.54524715690602,74.5169565217391,"OK"
2127,2.04291285394633,2.43540427553543,73.2882608695652,"OK"
2128,1.54992378490169,1.66255731624624,79.4316666666667,"OK"
2129,1.75710801125551,1.89428989700587,59.9569565217391,"OK"
2130,1.74122866058084,1.37129106813754,48.3647826086957,"OK"
2131,1.77642510522795,1.55814461804655,43.8939130434783,"OK"
2132,1.96315195548982,2.19886574196582,68.6578260869565,"OK"
2133,2.03543160068339,2.33934551715961,64.4066666666667,"OK"
2134,1.92092528597172,2.31841370242369,66.865,"OK"
2135,1.95948222660086,2.10831416511849,51.1169565217391,"OK"
2136,2.05341122921225,2.01482894372457,37.2427777777778,"OK"
2137,3.10955686762395,3.72866090745894,59.7766666666667,"OK"
2138,2.497508076666,2.85158573286101,44.9330434782609,"OK"
2139,1.44127649553724,0.987599759578937,38.5104347826087,"OK"
2140,1.98100146886658,1.76575766668905,60.534,"OK"
2141,1.78156273120754,1.85071176424393,59.5521739130435,"OK"
2142,1.87647352340088,1.84619275621121,47.544347826087,"OK"
2143,2.13699239058437,2.15730796993078,53.8621739130435,"OK"
2144,1.88838630491713,2.17282298519722,70.5130434782609,"OK"
2145,2.30735630135119,2.78758441831237,63.5669565217391,"OK"
2146,2.55412171880947,3.05866012325646,56.451,"OK"
2147,2.45055127464186,2.97030649752814,57.6984210526316,"OK"
2148,1.9969653198556,1.84195957370861,42.0183333333333,"OK"
2149,2.64833096640059,2.78388339228393,35.2378260869565,"OK"
2150,2.80966457830232,3.0196398484965,29.0795652173913,"OK"
2151,2.48671660503324,2.67000213346468,44.2213043478261,"OK"
2152,1.90405242166153,1.85269094932951,63.7421739130435,"OK"
2153,1.85493837084959,1.74586727579522,42.4804347826087,"OK"
2154,2.28149468033639,2.68197402313087,54.2478260869565,"OK"
2155,2.26365524662583,2.47217442274426,27.7372727272727,"OK"
2156,2.13029995891333,2.12952486521737,38.5786956521739,"OK"
2157,2.28548316335477,2.69448028396481,56.5113043478261,"OK"
2158,2.56762136973935,3.07564788284987,46.99,"OK"
2159,2.47945704502044,2.87763397081486,56.7791304347826,"OK"
2160,2.76106423638783,3.27569714486137,61.8594444444444,"OK"
2161,2.53633882342027,2.8100049236252,38.48,"OK"
2162,2.10360379095892,2.33673444005287,69.2869565217391,"OK"
2163,1.95302761682418,2.19747707070961,58.2377272727273,"OK"
2164,2.14992453046053,1.95183242731909,48.0268421052632,"OK"
2165,2.41785289079542,2.35517754311322,49.8108695652174,"OK"
2166,2.54091706193092,2.33070765961507,40.7308695652174,"OK"
2167,2.66491070844159,2.26106841279111,36.4783333333333,"OK"
2168,2.65042108826557,2.43489907821213,55.9613333333333,"OK"
2169,2.06079042505374,1.03642848093833,38.0530434782609,"OK"
2170,2.30908565759714,1.55171668039515,35.0969565217391,"OK"
2171,2.25595925165399,1.65494226093856,43.9438888888889,"OK"
2172,2.61286699736307,2.69559196618017,66.7828571428571,"OK"
2173,2.76631910922619,2.50389194969908,46.77,"OK"
2174,2.02241099690214,1.65099702651931,45.2013043478261,"OK"
2175,2.35013224892388,1.79580922888498,37.5934782608696,"OK"
2176,2.32196137195718,1.84034257262441,43.6952173913043,"OK"
2177,2.34805712885988,2.23732747278699,59.3047826086957,"OK"
2178,2.42326248667679,2.26275897923149,46.0186956521739,"OK"
2179,2.46470394247048,2.62488595984144,65.559,"OK"
2180,2.07280190090994,1.71591545104825,57.1052941176471,"OK"
2181,2.35054675670184,2.2984461044036,66.5921739130435,"OK"
2182,2.09828462948132,2.07037886022761,70.7647826086957,"OK"
2183,2.3859667019331,2.57357426315629,58.3495652173913,"OK"
2184,2.04381436403668,1.36813039049222,30.836,"OK"
2185,2.11186472838506,1.68892102300294,51.9318181818182,"OK"
2186,2.12408232230246,1.6847067012626,54.2234782608696,"OK"
2187,2.53542065510143,2.43227760479635,57.6839130434783,"OK"
2188,2.75366071235426,2.96726849655341,70.893125,"OK"
2189,2.36884088877111,2.36433848926953,55.3735,"OK"
2190,2.33279093505111,2.05343973914084,64.3313333333333,"OK"
2191,1.92716410623426,1.74711071755917,61.977,"OK"
2192,1.61204321134586,1.18106012844707,68.5852173913043,"OK"
2193,2.14567699178392,1.94535098654191,56.6160869565217,"OK"
2194,2.3911532286204,2.47023431825166,62.8239130434783,"OK"
2195,2.32238772029023,2.12237040609928,54.3981818181818,"OK"
2196,2.13647917527928,1.5394818443029,41.26,"OK"
2197,2.27083639467947,1.86862405509524,46.058125,"OK"
2198,2.55674269783743,2.28270121239691,49.646875,"OK"
2199,3.04213864636815,3.00345239656913,47.5,"OK"
2200,3.02529107579554,3.15624025387672,57.3542857142857,"OK"
2201,2.54099611643904,2.4369142442476,53.4007692307692,"OK"
2202,1.94591014905531,1.0088162895514,38.4564705882353,"OK"
2203,2.55722731136763,2.60927290668519,58.355,"OK"
2204,2.67891182329044,2.81180943539306,58.8030769230769,"OK"
2205,2.98568193770049,2.86846692250811,44.4,"OK"
2206,3.16023732464395,2.42884007664779,47.0657142857143,"OK"
2207,2.06002345582273,0.373153803255818,45.0307692307692,"OK"
2208,1.71379792775834,0.702272088336946,38.575,"OK"
2209,1.9504453042207,1.69428027213889,50.8445454545455,"OK"
2210,2.05006693299993,1.84071670381806,43.7589473684211,"OK"
2211,2.27433258004216,2.4613577281718,53.5785714285714,"OK"
2212,3.30894502195707,2.27572763882416,56.2625,"OK"
2213,3.94292519170634,2.91959858237717,56.8361538461538,"OK"
2214,2.83949608723571,2.32525475487535,64.2257142857143,"OK"
2215,2.89037175789616,2.47190583761075,59.17,"OK"
2216,3.05760179490184,3.21098595803563,55.7864705882353,"OK"
2217,2.28509977865303,2.23244871080502,57.1286666666667,"OK"
2218,2.42362208803688,2.34602765083688,67.0986666666667,"OK"
2219,2.84418237542679,3.41774717520669,62.085,"OK"
2220,2.49805512263151,2.77391137655855,60.9352941176471,"OK"
2221,2.27937667256303,2.54479282139319,61.9341176470588,"OK"
2222,2.35137525716348,2.41591377830105,52.43,"OK"
2223,2.83653263728636,2.77478739035315,57.6852173913043,"OK"
2224,2.57330595205248,2.68985537151541,66.2831818181818,"OK"
2225,2.2975725511705,2.4758779179415,72.2135714285714,"OK"
2226,2.63188884013665,2.80093319524892,58.715,"OK"
2227,2.55877649835446,2.60309700988393,63.3565,"OK"
2228,3.20869079980984,2.42007178844971,57.3093333333333,"OK"
2229,2.88160326807622,2.71355881034016,55.7357142857143,"OK"
2230,2.37199454436621,2.16130950563609,52.369375,"OK"
2231,2.38815098132369,2.05369629192798,52.2033333333333,"OK"
2232,2.45339687155579,2.77053800985464,54.16,"OK"
2233,1.9786999718783,1.22279455856652,34.97,"OK"
2234,2.30718985938079,2.67393642531707,66.0715384615385,"OK"
2235,2.00895946664142,1.97075760834776,55.6311111111111,"OK"
2236,1.93486031286873,1.9415048555874,60.2823076923077,"OK"
2237,2.05412373369555,2.081341908751,59.6691304347826,"OK"
2238,1.90015884114239,2.02465244156022,71.0365217391304,"OK"
2239,2.01429677620724,1.721060597896,53.8795454545455,"OK"
2240,2.27726728500976,2.09907704271173,56.6154545454545,"OK"
2241,2.4830109146231,2.3629529973694,52.5559090909091,"OK"
2242,2.41011971415906,2.26604314169357,53.6064705882353,"OK"
2243,2.45884534734567,2.26556022807,47.784347826087,"OK"
2244,2.32238772029023,2.02635237730947,49.2595454545455,"OK"
2245,2.33939906611676,2.40050549955418,55.7675,"OK"
2246,2.81274382777233,3.16645909264307,67.99,"OK"
2247,2.71822052975629,2.92075725896092,64.4673333333333,"OK"
2248,2.7094777530934,2.77267800396833,51.785,"OK"
2249,2.51101219090732,2.24094092988284,40.4847826086957,"OK"
2250,2.83782454484902,2.01709110113746,48.6857142857143,"OK"
2251,2.3973603704053,1.75521751792758,67.9211764705882,"OK"
2252,2.62828523263335,2.70904970143529,64.82,"OK"
2253,2.19999850421894,2.0535894029321,72.87,"OK"
2254,2.65850975554207,2.63080912075876,70.9325,"OK"
2255,2.85682933712756,2.67043486530751,66.741875,"OK"
2256,2.81459183714447,2.86071926439704,62.16,"OK"
2257,2.57979586557853,2.52461691545557,54.7794444444444,"OK"
2258,2.22438850627704,1.74874606566216,43.7104347826087,"OK"
2259,2.21027042216952,1.50810966030421,34.2027272727273,"OK"
2260,2.41870007154973,2.13016436087735,50.496875,"OK"
2261,2.780644423072,2.69426940612452,48.7370588235294,"OK"
2262,2.90434771175214,2.84939543047955,50.2506666666667,"OK"
2263,3.03623421686332,3.11268533524762,49.9066666666667,"OK"
2264,3.09104245335832,3.20355912075631,47.0328571428571,"OK"
2265,3.10965601987231,3.1596635385696,46.482,"OK"
2266,2.25828483409747,1.62596721438531,62.4533333333333,"OK"
2267,1.97408102602201,1.35029701874921,60.0828571428571,"OK"
2268,2.27877444430033,2.05991387657809,57.2752941176471,"OK"
2269,2.70709736634694,2.8187393514781,54.5271428571429,"OK"
2270,2.347199885753,2.47753580170677,65.170625,"OK"
2271,2.47949990277555,2.53481663490312,57.0211764705882,"OK"
2272,1.86036579258495,1.7202790342693,70.664347826087,"OK"
2273,2.21375387928743,2.23001440015921,47.95,"OK"
2274,2.20588264007933,2.24978035947478,58.8565217391304,"OK"
2275,2.54262851194647,2.6400195994044,54.9973913043478,"OK"
2276,2.52572864430826,2.52451051138116,53.3230434782609,"OK"
2277,2.76600459436277,2.5852420607293,52.3515,"OK"
2278,2.93651291389402,2.69878519091873,56.145,"OK"
2279,1.45659073051029,0.65232518603969,77.2408695652174,"OK"
2280,1.9058319254879,1.6681784074567,56.0775,"OK"
2281,2.27838149125316,2.43028976056976,67.2230434782609,"OK"
2282,2.40325279643116,2.62447094417358,62.1863636363636,"OK"
2283,2.68991574684875,2.98620880810256,62.5652173913044,"OK"
2284,2.53058639154304,2.5484256296308,58.0582608695652,"OK"
2285,2.70136121295141,2.84554871428784,60.983,"OK"
2286,2.83321334405622,2.88396237271098,38.666,"OK"
2287,2.90690105984738,2.99026081062404,54.9886956521739,"OK"
2288,3.22182798469222,3.19616776349188,54.7439130434783,"OK"
2289,3.44500621548138,3.48475230891405,54.284347826087,"OK"
2290,3.41229499501604,3.38693676034646,49.6130434782609,"OK"
2291,3.17950205652431,3.29220709795375,55.7091304347826,"OK"
2292,2.37632032488129,2.3658864360989,69.5147826086957,"OK"
2293,1.75785791755237,1.4634868569498,65.695,"OK"
2294,2.36290276233455,2.37934482562421,56.8317391304348,"OK"
2295,2.29972386071301,2.10436641533268,57.892380952381,"OK"
2296,2.5905302887206,2.65908107355137,59.1052631578947,"OK"
2297,2.87577295847501,3.10458667846607,62.7921739130435,"OK"
2298,1.87113305676957,1.11741982028192,45.2078260869565,"OK"
2299,2.03952493427439,0.74997945426546,32.2113043478261,"OK"
2300,2.47172491308594,1.65413809135201,25.6014285714286,"OK"
2301,2.00499906542532,0.837623888858807,31.4139130434783,"OK"
2302,2.04741229910756,0.94880001043945,35.6521739130435,"OK"
2303,2.20204386377217,1.45942359359459,41.2147826086956,"OK"
2304,2.23700254879314,1.63984059658226,44.5747826086956,"OK"
2305,2.32664123584828,1.85724862532552,43.8613043478261,"OK"
2306,2.79453366099035,2.60202279645668,48.4205,"OK"
2307,2.88480071284671,2.9704144655697,34.9,"OK"
2308,2.96813266195559,3.28451790352878,54.4222222222222,"OK"
2309,2.94803361873459,3.41833047023627,60.9142105263158,"OK"
2310,2.36868489469857,2.85666175875435,65.8266666666667,"OK"
2311,2.27273212984436,2.48867405400425,60.3711764705882,"OK"
2312,2.71642086622875,1.97275164036487,33.0239130434783,"OK"
2313,1.870463488616,1.20766164435574,33.6982608695652,"OK"
2314,2.63905732961526,2.22893855282575,29.33,"OK"
2315,2.07617534389321,1.60673862044728,32.0186956521739,"OK"
2316,1.95333592575216,1.29603661364782,32.69,"OK"
2317,2.02010684841729,1.5102419318056,34.1908695652174,"OK"
2318,2.40968322855041,2.667771537212,70.7982608695652,"OK"
2319,2.46773100373574,2.52663258345822,60.0339130434783,"OK"
2320,2.36535574802897,2.58080953928072,62.9252173913044,"OK"
2321,2.47653840011748,2.54553127160443,46.44,"OK"
2322,2.31683096309823,2.36971536134705,53.1860869565217,"OK"
2323,1.91947689198716,1.79436476813982,59.5608695652174,"OK"
2324,1.90599354164987,1.95696681069127,46.65,"OK"
2325,2.36535574802897,2.67303858825918,67.1530434782609,"OK"
2326,1.89298099629544,2.08014781394998,76.4060869565217,"OK"
2327,2.16561923792089,2.45096199373506,75.164,"OK"
2328,1.66770682055808,1.98787434815435,87.23,"OK"
2329,1.78548985621446,1.60793678630783,45.41,"OK"
2330,2.76659252002762,3.0832055003963,49.4739130434783,"OK"
2331,2.11363290642812,2.01825969942753,41.5782608695652,"OK"
2332,2.43475686610253,2.56434716949379,45.305652173913,"OK"
2333,2.48642065461922,2.57337529777561,36.5386363636364,"OK"
2334,2.06134398166903,1.71622349915217,34.405652173913,"OK"
2335,2.03339760317843,1.34573274936377,29.245,"OK"
2336,2.13859449288481,1.99112249187686,50.10625,"OK"
2337,2.73477327124296,3.10085213525698,66.079375,"OK"
2338,2.79512693543313,3.02246011638351,56.6,"OK"
2339,2.68784749378469,2.90905576871809,60.8494736842105,"OK"
2340,2.17164773554657,2.2811292817602,63.5627272727273,"OK"
2341,1.89386469216521,1.71045902649283,59.8825,"OK"
2342,2.29253475714054,1.99741770620125,21.67,"OK"
2343,2.45768770054669,2.18248687938022,44.2483333333333,"OK"
2344,2.1926389158449,1.89858949286524,51.8958823529412,"OK"
2345,2.9571722116878,3.08352414298159,65.1204347826087,"OK"
2346,2.10994966101182,2.28658825795282,69.16,"OK"
2347,2.64432294500305,2.8806629437692,61.2952173913043,"OK"
2348,2.52885418948164,2.7269430654426,69.7182608695652,"OK"
2349,1.46151778235748,1.25025983827725,30.99875,"OK"
2350,2.19625792670512,2.16037014445782,41.3778260869565,"OK"
2351,2.10307314621311,2.15836321989679,54.7126086956522,"OK"
2352,2.55148114041067,2.76163217880274,48.8786956521739,"OK"
2353,1.99144153386327,2.12952486521737,60.8078260869565,"OK"
2354,1.63434259161418,1.13783300182139,42.2382608695652,"OK"
2355,1.54222916274065,1.23328885865999,22.07625,"OK"
2356,1.83178114357754,1.84237336621078,50.816,"OK"
2357,2.5010795090336,2.9520302298737,76.6108695652174,"OK"
2358,2.3211081295846,2.57955785098528,54.4795652173913,"OK"
2359,2.31296580904861,2.43147529716386,48.6508695652174,"OK"
2360,1.87647352340088,1.72996115165377,52.3878260869565,"OK"
2361,1.94279972664092,1.85643385070141,49.2726086956522,"OK"
2362,1.93215133288389,1.5556701632258,39.1226086956522,"OK"
2363,2.56494935746154,2.37861977927004,17.0933333333333,"OK"
2364,2.31926341513777,2.16858605857461,32.3922727272727,"OK"
2365,2.4932054526027,2.63463763926859,50.9195652173913,"OK"
2366,2.26537973894398,2.497508076666,58.0539130434783,"OK"
2367,2.4419517003176,2.67562091933709,68.7254545454545,"OK"
2368,2.75033199915584,2.98423161112284,62.3586956521739,"OK"
2369,2.68815666058264,2.77887573567017,73.195,"OK"
2370,2.76631910922619,3.2519236789144,47.535,"OK"
2371,2.69668147349545,3.11281941495821,49.86,"OK"
2372,2.1693021167166,2.00844744547533,45.2095652173913,"OK"
2373,2.1542868195966,2.34456120387443,53.5234782608696,"OK"
2374,2.461445163109,2.76352604078755,52.2747826086957,"OK"
2375,1.6419471909994,1.13546118347894,39.1460869565217,"OK"
2376,2.19484078598094,2.1323050312369,46.24,"OK"
2377,1.62924053973028,1.41767189681215,31.4325,"WI"
2378,2.32579197889703,2.64805400497339,46.6352173913043,"WI"
2379,2.45623875491843,2.82582035422795,46.674347826087,"WI"
2380,2.6164433006141,2.98167744380157,37.4217391304348,"WI"
2381,2.55452734347701,3.02006426969847,48.0313043478261,"WI"
2382,2.77611510592937,3.32060017245497,47.4995652173913,"WI"
2383,2.75614999589662,3.29635203119056,49.4278260869565,"WI"
2384,2.4423470353692,2.91950835198282,47.7326086956522,"WI"
2385,1.7404661748405,1.63111044811539,49.8954545454545,"WI"
2386,1.45962563420544,1.07500242302898,56.4360869565217,"WI"
2387,1.7874021638591,1.58452136172798,50.434347826087,"WI"
2388,2.21027042216952,2.42299094867513,54.1045454545455,"WI"
2389,2.3859667019331,2.70601915441533,49.7695652173913,"WI"
2390,2.24991785746982,2.69245090134747,59.1221739130435,"WI"
2391,2.43741998352201,2.9358668743247,53.38,"WI"
2392,1.8910144273234,2.0284914378236,62.7573913043478,"WI"
2393,2.31005710783275,2.66300924984229,56.688125,"WI"
2394,1.70292825552144,1.28785428830664,27.799,"WI"
2395,2.06851247114765,2.11620312998366,46.5226086956522,"WI"
2396,2.04685097436647,2.27998377039246,58.2352173913043,"WI"
2397,2.42940925977593,3.07390031544015,61.185652173913,"WI"
2398,2.15378240596674,2.81863184552346,63.0591304347826,"WI"
2399,1.78083039869586,1.89180151906021,64.415652173913,"WI"
2400,1.59366194983993,1.36030743300358,54.5791304347826,"WI"
2401,2.0854020036503,2.35645549855871,55.71,"WI"
2402,2.06851247114765,2.32489948218465,56.8173913043478,"WI"
2403,1.93215133288389,2.51065914589041,64.1873913043478,"WI"
2404,1.74654984379412,1.73103973419285,56.6026086956522,"WI"
2405,2.01083679362101,2.66946001376342,67.514347826087,"WI"
2406,2.05356616468194,2.35240991840425,54.3269565217391,"WI"
2407,1.67912619424115,1.45760338882467,48.095652173913,"WI"
2408,1.24026280573114,0.661566771029315,50.9326086956522,"WI"
2409,1.61204321134586,1.36996612590993,51.0465217391304,"WI"
2410,1.74275189012136,1.80828877117927,56.0169565217391,"WI"
2411,1.87846886825978,2.39757901726126,73.7908695652174,"WI"
2412,1.6594695416916,1.68228421945777,56.9,"WI"
2413,1.73460105538811,1.23172692779629,44.8533333333333,"WI"
2414,1.99499603997538,1.80914371565995,48.31,"WI"
2415,1.6896143904242,1.2775464722739,41.2052173913044,"WI"
2416,2.2082744135228,2.38464582996568,54.0152173913043,"WI"
2417,1.80257038533227,1.96321300368739,65.0295652173913,"WI"
2418,2.29385141302529,2.82795658472363,62.5486956521739,"WI"
2419,2.11939359269155,2.62677726841306,66.625652173913,"WI"
2420,1.66029632966759,1.47893299132162,54.4747826086957,"WI"
2421,2.06521032175189,2.20482844476392,55.1452173913043,"WI"
2422,1.97408102602201,2.17356524715079,59.7973913043478,"WI"
2423,1.90340454343997,1.96107409615883,55.6460869565217,"WI"
2424,1.61117553233264,1.56915924854389,62.2552173913043,"WI"
2425,1.85833395985072,2.26871352587632,70.4669565217391,"WI"
2426,2.2448638609551,2.85341707439111,70.6478260869565,"WI"
2427,2.36167400936405,2.86026111259599,64.0404347826087,"WI"
2428,1.66688613934665,2.24075594167531,82.0008695652174,"WI"
2429,1.58121734479185,1.66301989013463,66.3873913043478,"WI"
2430,1.71965617532671,1.58023296062359,52.8078260869565,"WI"
2431,1.9807015738276,2.3077456673385,64.874347826087,"WI"
2432,2.27793595771939,3.11527221904632,67.4091304347826,"WI"
2433,2.00382741912843,2.73862157620894,73.7608695652174,"WI"
2434,2.40498470776886,3.14550069448823,69.0095652173913,"WI"
2435,2.26988222291229,2.60004529034024,55.1704347826087,"WI"
2436,2.9040459544104,3.54635118899381,60.2286956521739,"WI"
2437,2.70776030401365,3.45135307270258,69.2608695652174,"WI"
2438,2.0826971061396,2.5430388244736,74.2,"WI"
2439,1.68639895357023,1.4637584962949,56.9791304347826,"WI"
2440,1.94653107425378,1.99422696844341,50.2739130434783,"WI"
2441,1.81326567444902,1.66409077454028,47.3682608695652,"WI"
2442,1.57804105837343,0.844110969458685,38.6072727272727,"WI"
2443,1.86036579258495,1.84694734379632,51.4195652173913,"WI"
2444,1.80400305033377,2.18424211799219,66.934347826087,"WI"
2445,1.63349405528834,1.73319341551142,79.4313043478261,"WI"
2446,2.22532835597028,2.93381061529717,71.934347826087,"WI"
2447,2.29647953543156,2.80040476572912,67.6739130434783,"WI"
2448,1.44127649553724,1.10410442561245,80.0473913043478,"WI"
2449,1.47565804173649,1.26351243877942,69.434347826087,"WI"
2450,1.10150664669447,0.40081663954018,59.26,"WI"
2451,1.76847459546698,1.91390686490223,64.212380952381,"WI"
2452,1.75710801125551,1.67514422969314,54.8139130434783,"WI"
2453,1.76159903676798,1.4767508837309,47.5560869565217,"WI"
2454,2.42672469440526,2.67531738148542,60.8552173913044,"WI"
2455,2.29077651492935,2.54420046319796,58.4360869565217,"WI"
2456,2.27838149125316,2.80262229567691,71.635652173913,"WI"
2457,2.06465890183166,2.6116988998088,76.0839130434783,"WI"
2458,1.56589482779948,0.911584020491861,39.7608695652174,"WI"
2459,1.52605630349505,1.05127758653888,52.1695652173913,"WI"
2460,1.58478877715945,1.21194097397511,49.0473913043478,"WI"
2461,2.27167755553097,2.49162317379157,58.6317391304348,"WI"
2462,1.37426578525428,1.01381190436693,52.6686956521739,"WI"
2463,1.74122866058084,1.55070280870132,53.7817391304348,"WI"
2464,2.42210574854897,2.76828600053395,63.6413043478261,"WI"
2465,2.37267880760616,2.66447684050217,58.1113043478261,"WI"
2466,2.69609496321471,3.21455345338687,64.1204347826087,"WI"
2467,2.34222377898518,2.94759189822606,75.5782608695652,"WI"
2468,1.2564827495979,0.596684162579934,58.1391304347826,"WI"
2469,1.62924053973028,1.12123328169546,42.9859090909091,"WI"
2470,1.75374437822658,1.62352864630387,59.5961904761905,"WI"
2471,2.32451673961687,2.54655376658105,48.0104347826087,"WI"
2472,2.63345158463346,3.10187291961356,59.6534782608696,"WI"
2473,2.33087673561514,2.71972096248726,60.3208695652174,"WI"
2474,2.28680913039988,2.47221778997632,54.4147826086957,"WI"
2475,2.1801717889535,2.4677678626215,55.8960869565217,"WI"
2476,2.50783028968994,2.88202786549812,55.6091304347826,"WI"
2477,1.91564302147644,1.93723912376532,68.7408695652174,"WI"
2478,2.377531223112,2.58159927278672,53.48,"WI"
2479,2.36657998813291,2.76823141687083,60.9282608695652,"WI"
2480,1.95024855065391,2.04082499380804,52.4865217391304,"WI"
2481,2.11205603356523,2.26379906795889,59.3386956521739,"WI"
2482,2.14006616349627,2.30925842884843,47.6652173913043,"WI"
2483,2.3815569934444,2.65693995632161,57.2508695652174,"WI"
2484,2.02643052571333,1.85758791891952,45.9147826086957,"WI"
2485,1.93592255042697,1.47147435200032,38.535652173913,"WI"
2486,2.36983732000321,2.39290259293421,39.4926086956522,"WI"
2487,2.6164433006141,2.98897033264008,53.8513043478261,"WI"
2488,1.49729113709192,0.935581719353597,58.895652173913,"WI"
2489,1.59630862099231,0.428671994011145,41.4086956521739,"WI"
2490,2.03232611072518,1.48963010102938,42.1545454545455,"WI"
2491,2.82834216406136,3.21565324663187,54.4886956521739,"WI"
2492,3.08747879882467,3.45030495576918,51.6452173913043,"WI"
2493,2.35880103386033,2.74266164567183,60.7895652173913,"WI"
2494,2.85881854389459,3.39189668823374,59.5863636363636,"WI"
2495,3.09143763218187,3.62040275373558,62.8782608695652,"WI"
2496,2.5592475140749,3.04530887788068,55.5173913043478,"WI"
2497,2.86789890204411,3.37370701843507,58.2778260869565,"WI"
2498,2.69616162943696,3.22751116008032,72.2554545454545,"WI"
2499,1.7227665977411,1.42237469694093,49.1760869565217,"WI"
2500,2.48018537717208,2.73879023871566,50.6539130434783,"WI"
2501,2.51101219090732,2.78073480049293,53.2204347826087,"WI"
2502,2.9289884239154,3.34924788422489,57.0304347826087,"WI"
2503,2.26234163479308,2.57979586557853,59.7038888888889,"WI"
2504,2.17721903090262,2.76839515892288,72.9060869565217,"WI"
2505,1.07515080198911,0.5448489071625,53.3752173913043,"WI"
2506,1.80900127566256,2.02534110729762,64.6117391304348,"WI"
2507,2.44612062475284,3.18129133758437,75.4791304347826,"WI"
2508,1.65781391217434,2.06388640275886,80.6221739130435,"WI"
2509,1.58300465536594,1.34784726169381,62.215652173913,"WI"
2510,2.39789527279837,2.79272830256483,58.771,"WI"
2511,2.03100457599804,2.24527833055508,54.8630434782609,"WI"
2512,2.50959926237837,3.04317954510462,53.7545454545455,"WI"
2513,3.28775274760437,3.41507170110971,51.2578260869565,"WI"
2514,2.6507894802388,3.11264536570183,53.0839130434783,"WI"
2515,2.85522004978813,3.38825896774365,57.1886956521739,"WI"
2516,3.13587221631165,3.74209047370787,70.1221739130435,"WI"
2517,1.9225092188907,1.49194055025488,49.3338095238095,"WI"
2518,2.19092458072976,1.80421777316321,39.3578260869565,"WI"
2519,2.58165879090923,2.9398671407126,46.4742857142857,"WI"
2520,2.52572864430826,3.03294304958424,53.0058823529412,"WI"
2521,3.26515657743221,3.71484211992219,62.3873684210526,"WI"
2522,1.98982938299015,1.81078370464248,48.8652380952381,"WI"
2523,2.31044882945426,2.52820977428437,50.5721052631579,"WI"
2524,2.58248697812686,2.69286887910655,55.1075,"WI"
2525,2.22881894275444,1.86820597472124,41.36,"WI"
2526,2.72096642636876,3.0319195443157,37.2515,"WI"
2527,3.39084090773799,4.00760587532188,65.2540909090909,"WI"
2528,3.22485789654575,3.81810471364097,58.75,"WI"
2529,2.73436750941958,3.27633578054143,54.8528571428571,"WI"
2530,2.62240153156852,3.17167939003723,55.539375,"WI"
2531,2.9998148376277,3.67374274266437,72.87,"WI"
2532,2.59026716544583,3.19206239350214,62.167619047619,"WI"
2533,2.42600875601523,2.95059225766224,61.3986363636364,"WI"
2534,2.52718213293624,2.91252357456634,57.2063636363636,"WI"
2535,3.16161510400479,3.75498264725271,68.0673913043478,"WI"
2536,2.54536075408335,3.24201473904739,79.4465217391304,"WI"
2537,1.86408013080768,2.02796880535622,68.805,"WI"
2538,1.64007488189599,1.13050565244406,59.9644444444444,"WI"
2539,2.32425339247317,2.53294067025411,54.1114285714286,"WI"
2540,1.80530369433581,1.70697701131038,51.2954545454545,"WI"
2541,2.38956023744323,2.75915652148947,55.1195652173913,"WI"
2542,2.24578467133323,2.60776534926925,50.5426086956522,"WI"
2543,2.21161331478832,2.47496610149568,56.6326086956522,"WI"
2544,1.78156273120754,1.4368428129637,44.7326086956522,"WI"
2545,1.90915256532013,1.82802372459585,46.7978947368421,"WI"
2546,1.50214316019644,0.566794925094704,38.4926086956522,"WI"
2547,1.96923840154622,2.16556937628691,61.2365217391304,"WI"
2548,2.76932252445316,3.37148494443095,61.0604347826087,"WI"
2549,1.89232590292121,2.35298886143589,77.4030434782609,"WI"
2550,1.52982989287869,1.21607321126002,61.3713043478261,"WI"
2551,2.21494110488099,2.62991629851987,64.4308695652174,"WI"
2552,2.74559727369746,3.34810231249757,65.4408695652174,"WI"
2553,2.75684036527164,3.36420917461159,63.814375,"WI"
2554,2.52372664163758,2.55711102553692,47.892,"WI"
2555,2.12304228060704,1.98721898157246,50.8417391304348,"WI"
2556,1.8383827853124,2.06334680438264,75.8122727272727,"WI"
2557,2.146693768689,1.69145859573381,51.8278260869565,"WI"
2558,2.08863825242951,2.11195082024513,51.074347826087,"WI"
2559,2.57226518873217,2.83075042050035,51.7986363636364,"WI"
2560,2.82026219170914,3.27345870263849,55.84125,"WI"
2561,2.9391619220656,3.62064076244759,64.2135,"WI"
2562,2.78383477151441,3.52984185271328,77.9704761904762,"WI"
2563,2.26318254512802,2.82213617535112,67.9159090909091,"WI"
2564,2.47830596575665,2.97960289162411,63.7863157894737,"WI"
2565,2.52657039519971,2.87733391704761,60.2368421052632,"WI"
2566,2.158312995141,2.45164207660773,54.9582608695652,"WI"
2567,2.36157942733772,2.85039520361137,51.8507692307692,"WI"
2568,2.99247698083332,3.57941329962123,50.825,"WI"
2569,3.06535652462627,3.62185363167927,57.6331578947368,"WI"
2570,2.75835750231183,3.25484711721014,62.1991304347826,"WI"
2571,2.07180375223172,2.20286083765042,52.9208695652174,"WI"
2572,1.94155284368636,2.14877493489283,59.5773913043478,"WI"
2573,1.41732948968673,0.880348118137994,55.3708695652174,"WI"
2574,1.48653308712536,0.742765159346187,44.8582608695652,"WI"
2575,1.70395726578361,1.67139157395953,45.6847826086956,"WI"
2576,2.32005072460168,2.46636275376664,39.7838095238095,"WI"
2577,1.9124368629108,1.97444327924097,50.5013043478261,"WI"
2578,2.66783188906331,3.22951468316057,60.9221739130435,"WI"
2579,2.61440530061695,3.12324559385295,58.0154545454545,"WI"
2580,2.69286299330868,3.06438595708843,52.9508695652174,"WI"
2581,2.48345632321035,2.66177860181439,49.5008695652174,"WI"
2582,1.83640024985068,1.79991453192464,56.4708695652174,"WI"
2583,2.15579853568192,1.40300183679095,34.7278260869565,"WI"
2584,2.19189639810459,2.15826276786256,46.735652173913,"WI"
2585,2.40968322855041,2.76782194440213,50.6495652173913,"WI"
2586,2.21018372197872,2.64722266014835,61.175652173913,"WI"
2587,2.36413000732392,2.79977028149063,61.344347826087,"WI"
2588,2.02814824729229,1.67241271159549,43.00625,"WI"
2589,1.9307159343144,1.40350649000101,31.0944444444444,"WI"
2590,2.62397822278814,2.2916685812527,37.0285714285714,"WI"
2591,2.2206202493451,2.20434889744739,41.465652173913,"WI"
2592,2.43208663754665,2.72166721227875,43.7626086956522,"WI"
2593,2.16432202674262,2.43346078846141,52.6504347826087,"WI"
2594,1.44435816207465,1.24177110164302,67.41,"WI"
2595,1.5503338730764,0.900868063754604,55.8804347826087,"WI"
2596,1.66029632966759,1.09788738831016,36.9617391304348,"WI"
2597,1.84674160364541,1.37503556590482,36.6595652173913,"WI"
2598,1.71340615498154,1.17798587620962,28.6434782608696,"WI"
2599,2.30562394925056,2.55059939585597,44.2121739130435,"WI"
2600,2.36126408929273,2.68932525376989,47.0760869565217,"WI"
2601,2.42017487326283,2.77421782930657,55.3391304347826,"WI"
2602,1.82454929205105,1.77266528657787,43.2934782608696,"WI"
2603,2.10625279913049,2.23788423984077,44.9191304347826,"WI"
2604,1.54385536823319,1.33762918913861,51.2682608695652,"WI"
2605,2.19577425075857,2.44920437733762,43.1491304347826,"WI"
2606,2.42641044310639,2.7293668332296,34.7813636363636,"WI"
2607,2.64122888312877,3.07494520562082,51.3991304347826,"WI"
2608,2.09025245778405,2.42036812865043,61.145652173913,"WI"
2609,2.56327571690351,3.01959739646729,64.7434782608696,"WI"
2610,2.90356930997811,3.51154543883102,66.8526086956522,"WI"
2611,1.64026227063448,1.34195622845657,41.3082608695652,"WI"
2612,1.69760803810495,1.58950136312729,45.2017391304348,"WI"
2613,1.52794487818292,1.30633317186277,55.4221739130435,"WI"
2614,2.34514470741284,2.79470644257492,57.6686956521739,"WI"
2615,2.36837283353205,2.74803984931837,47.4815,"WI"
2616,2.23700254879314,2.71860301938592,57.0808695652174,"WI"
2617,2.69021086268386,3.38906612359055,76.5630434782609,"WI"
2618,1.49241545702843,1.43062324279524,61.9469565217391,"WI"
2619,1.41627519333183,0.900338075225283,49.1460869565217,"WI"
2620,2.1261591662473,2.49765117912761,54.3395652173913,"WI"
2621,2.61612558814121,3.31049540832566,64.34,"WI"
2622,2.80730515919755,3.49368407984986,60.074347826087,"WI"
2623,3.11061254955241,3.76341202555362,62.2552173913043,"WI"
2624,2.30822135330824,2.8131150208724,68.8617391304348,"WI"
2625,2.36167400936405,3.01883295160811,71.3752173913043,"WI"
2626,2.05021420623623,2.64743826036479,81.4126086956522,"WI"
2627,1.66852682880411,2.13878657279065,71.3965217391304,"WI"
2628,1.19655404893849,0.944244193903589,58.1730434782609,"WI"
2629,1.64278858776759,1.57448633441129,67.9482608695652,"WI"
2630,1.73741040470103,1.7364152654908,61.6069565217391,"WI"
2631,2.06410717767973,2.40030343803315,59.6334782608696,"WI"
2632,1.62411232336336,1.59630862099231,53.415652173913,"WI"
2633,1.9539522585914,2.19920329471164,58.2613043478261,"WI"
2634,1.81326567444902,1.93246614478638,57.4634782608696,"WI"
2635,2.47030785036685,3.02148476965641,62.1086956521739,"WI"
2636,2.78388827749371,3.34080379376139,51.9763636363636,"WI"
2637,2.76000994003292,3.39699157996745,69.7709090909091,"WI"
2638,1.76721836031194,1.63501704990523,45.155,"WI"
2639,1.65918000432891,1.47419076302607,42.5735,"WI"
2640,2.52538075771577,3.02212016097292,47.9078260869565,"WI"
2641,2.67982963345996,3.36964688717281,70.6417391304348,"WI"
2642,1.35538682365681,0.917854725589431,56.5230434782609,"WI"
2643,1.83431908364685,1.63136955905693,38.8352173913043,"WI"
2644,2.01004274366001,2.12264252234902,41.9572727272727,"WI"
2645,1.97226778889783,1.9139771019523,31.0173913043478,"WI"
2646,2.10625279913049,2.30839427393811,37.4530434782609,"WI"
2647,2.4910471783836,2.90592648198823,44.5617391304348,"WI"
2648,1.79537610969824,1.77752824930011,42.7630434782609,"WI"
2649,1.84330635464709,1.79617001829611,37.0839130434783,"WI"
2650,1.59630862099231,1.0752991589362,33.9073913043478,"WI"
2651,1.96584009190326,2.20025029825276,49.3704545454545,"WI"
2652,2.71325402897724,3.47591489885441,73.5995652173913,"WI"
2653,2.56238196195629,3.10232060656407,66.4538095238095,"WI"
2654,2.30258509299405,2.71074222652198,56.4686956521739,"WI"
2655,1.75184286182261,1.74069498161418,38.8334782608696,"WI"
2656,2.12460193779869,2.39484715373903,45.1095652173913,"WI"
2657,2.79239134953596,3.42196359684596,69.4925,"WI"
2658,1.53882034522015,1.98225460186265,80.91,"WI"
2659,1.13560085803745,0.718263881367021,67.0708695652174,"WI"
2660,2.05412373369555,2.20137056023113,46.7069565217391,"WI"
2661,2.09240068632234,2.2935004742605,43.1395652173913,"WI"
2662,1.98010151380359,1.97045125797143,28.6886956521739,"WI"
2663,1.1617293454583,0.771159857085874,60.1618181818182,"WI"
2664,1.50407739677627,1.18119357743639,54.5221739130435,"WI"
2665,1.51612573529245,1.13666682093121,30.5468181818182,"WI"
2666,1.73204023452643,1.57664519105618,32.9808695652174,"WI"
2667,1.24151987692119,0.796527476005685,46.4130434782609,"WI"
2668,1.60333235487162,1.22415898976784,33.9313043478261,"WI"
2669,1.85629799036563,1.93271792297113,55.2173913043478,"WI"
2670,1.54271518948169,1.28269996172787,52.3763636363636,"WI"
2671,1.94135433251945,2.05912287216586,42.9104545454545,"WI"
2672,1.80686223741381,1.8154618426655,43.0908695652174,"WI"
2673,2.22230426173324,2.84482632389162,66.8447619047619,"WI"
2674,2.26943288567715,3.0356007701613,59.3886956521739,"WI"
2675,1.69840389966705,1.93447859751261,64.7452173913044,"WI"
2676,1.95764229967885,2.52899287611941,79.3530434782609,"WI"
2677,1.02783210660706,0.737881511900116,85.004,"WI"
2678,1.59100825522647,1.7364152654908,81.284347826087,"WI"
2679,2.09056367137811,2.5356581307545,67.8742105263158,"WI"
2680,2.06224914113946,2.29880523103531,50.4068181818182,"WI"
2681,1.95825598487761,2.31588752634572,60.2260869565217,"WI"
2682,1.94777176920201,2.53548954697567,69.8395652173913,"WI"
2683,2.12823170584927,2.95771431506212,66.1582608695652,"WI"
2684,2.18213546165126,2.88472784159803,58.3295652173913,"WI"
2685,2.20779651626162,2.68122996440519,57.3191304347826,"WI"
2686,2.38075313488021,2.90804082346983,56.34,"WI"
2687,2.02438176449681,2.4826421830555,62.9190476190476,"WI"
2688,1.76829798254906,1.74904861463958,55.7982608695652,"WI"
2689,1.66194785770606,1.53826876152455,48.6539130434783,"WI"
2690,1.15496522521924,0.637036810680397,45.3265217391304,"WI"
2691,1.76829798254906,1.64690122942815,41.6739130434783,"WI"
2692,2.13236394313418,2.47280473056543,44.0760869565217,"WI"
2693,1.77273914454903,1.77620433030708,52.8860869565217,"WI"
2694,2.0712559570934,2.39591703278626,42.1382608695652,"WI"
2695,2.22861089115689,3.18984992408771,58.92,"WI"
2696,1.93967959930468,2.5498866495465,49.5595652173913,"WI"
2697,1.66277260002085,1.8663021294999,58.4726086956522,"WI"
2698,2.01837524625301,2.50917499423454,52.4652173913043,"WI"
2699,1.96437221189505,2.47818118592091,51.8360869565217,"WI"
2700,1.66688613934665,1.93082803958136,69.0078260869565,"WI"
2701,1.46667146103864,0.998872020642437,48.4421739130435,"WI"
2702,1.2712250313351,1.24665741093288,50.5891304347826,"WI"
2703,1.30597987738815,1.01254907862689,55.2382608695652,"WI"
2704,1.55677067690988,1.38922484566131,48.2686956521739,"WI"
2705,1.61204321134586,1.60394459086398,47.9473913043478,"WI"
2706,2.25767868163157,2.86720696310482,48.1726086956522,"WI"
2707,2.32833758909646,3.14058520458114,49.2665217391304,"WI"
2708,2.40223367439697,3.15520417426658,45.8591304347826,"WI"
2709,2.57625642837623,3.23119957455703,42.0147826086957,"WI"
2710,2.95423070034635,3.63882109482056,55.9634782608696,"WI"
2711,1.69601441226967,2.0562396652161,50.3486956521739,"WI"
2712,2.02643052571333,2.90986648518636,61.524347826087,"WI"
2713,1.55462967593911,2.20806507711844,62.117619047619,"WI"
2714,1.75184286182261,2.20746185223727,58.265652173913,"WI"
2715,1.78229452780075,2.09358024787673,51.5226086956522,"WI"
2716,1.99440449899392,2.48873987330058,53.1326086956522,"WI"
2717,1.7351124335634,2.3016716324377,63.0386956521739,"WI"
2718,2.22485854153834,3.27707910327502,59.7986956521739,"WI"
2719,2.26085689089025,2.98348365147779,60.804347826087,"WI"
2720,2.06741296581423,2.30696678369895,63.1952173913043,"WI"
2721,2.22109205874286,2.9749526474107,56.0095652173913,"WI"
2722,2.25891814634156,2.97881729117704,48.5518181818182,"WI"
2723,2.73662357354627,3.40193623907456,48.3065217391304,"WI"
2724,2.63750332774852,3.25071147592402,52.2534782608696,"WI"
2725,3.65830818297696,4.13518046968905,53.9460869565217,"WI"
2726,2.63126305788844,3.30787363339278,48.8121739130435,"WI"
2727,2.37024374146786,2.98075104807614,52.4969565217391,"WI"
2728,1.92456596149463,2.51979804956662,63.8530434782609,"WI"
2729,2.47909267992258,3.2904924975531,60.8573913043478,"WI"
2730,1.68559347628141,1.97890031245796,64.4273913043478,"WI"
2731,1.81609853753332,2.11405298624946,44.5182608695652,"WI"
2732,1.66277260002085,2.07726526225724,52.6913043478261,"WI"
2733,1.98787434815435,2.49747229785064,55.5317391304348,"WI"
2734,1.87580752271027,2.33032713406242,54.3947826086956,"WI"
2735,1.94962993015785,2.67324869436354,62.6134782608696,"WI"
2736,1.39063276271849,1.60813271320596,68.7886956521739,"WI"
2737,1.8012382131826,2.17977156847583,51.5066666666667,"WI"
2738,2.37874065684136,2.85769384507511,60.0247826086957,"WI"
2739,2.1593170112896,2.44385818034887,53.3421739130435,"WI"
2740,1.53265076922033,1.64236797787705,51.2534782608696,"WI"
2741,1.32175583998232,1.25656525444511,59.6716666666667,"WI"
2742,1.93228389734355,2.59858771661037,54.6615789473684,"WI"
2743,1.55860217925334,1.74077123890632,57.9830434782609,"WI"
2744,1.84054963339749,2.36425264902634,59.2695652173913,"WI"
2745,2.17672605578788,3.02784164051547,57.0552173913043,"WI"
2746,2.2130408667795,2.92372243322965,53.9908695652174,"WI"
2747,1.66277260002085,1.92912408536516,58.3321739130435,"WI"
2748,1.66359666269625,1.57475644650945,42.7917391304348,"WI"
2749,1.80614820668015,1.98411505739477,47.2295652173913,"WI"
2750,1.6611224346299,2.10413415427021,58.7026086956522,"WI"
2751,1.71497232601428,1.99066972274056,57.4273913043478,"WI"
2752,1.77863017778626,2.26646218537837,59.7921739130435,"WI"
2753,2.05077364681026,2.71241746231323,59.3086956521739,"WI"
2754,1.44845233360731,1.37151172127171,68.1365217391304,"WI"
2755,1.11869904723485,0.496020920795216,48.7073913043478,"WI"
2756,1.89393309395736,2.07619764958278,50.6154545454545,"WI"
2757,2.02183545731791,2.46407523259937,53.9517391304348,"WI"
2758,2.20875208250729,2.8566451034688,59.2213043478261,"WI"
2759,2.24117211702986,2.80314955499525,49.8552173913044,"WI"
2760,2.44196889204838,3.16240668748914,61.6934782608696,"WI"
2761,2.21636391754692,2.9523254194216,71.7721739130435,"WI"
2762,1.77495235091167,1.92431212217356,51.3373913043478,"WI"
2763,1.90405242166153,2.09507949853237,44.1817391304348,"WI"
2764,1.87713908082978,2.35017370743428,54.1369565217391,"WI"
2765,1.97829917026973,2.70900626566593,58.2308695652174,"WI"
2766,2.56227018640149,3.28793130309096,54.5008695652174,"WI"
2767,1.71887705569244,1.81319474994812,49.4747826086957,"WI"
2768,2.09454430986559,2.36126408929273,46.1108695652174,"WI"
2769,1.51369285547572,1.44456326924387,47.1913043478261,"WI"
2770,1.81255620297548,1.93340998629108,54.3504347826087,"WI"
2771,1.85968897360818,1.95715108021668,42.9704347826087,"WI"
2772,1.8610421537876,1.88561932245473,41.3447826086957,"WI"
2773,2.02643052571333,2.35900652035031,42.3430434782609,"WI"
2774,2.42171987163891,3.09139812132626,51.2813043478261,"WI"
2775,2.50143595173921,3.17638577324725,56.0281818181818,"WI"
2776,2.23328161426745,2.71434916151125,67.2391304347826,"WI"
2777,2.40612577193489,2.98799789475542,57.4222727272727,"WI"
2778,2.49170169292083,3.03243671165277,53.4404545454545,"WI"
2779,2.04965445251325,2.55857456653941,65.6078260869565,"WI"
2780,1.91692261218206,2.16711393203604,55.0082608695652,"WI"
2781,1.40780056634085,1.14339165982522,49.4986956521739,"WI"
2782,1.66194785770606,1.8561621115693,57.7939130434783,"WI"
2783,1.55951667405873,1.50117463711831,53.274347826087,"WI"
2784,1.70553829378093,1.88680610969761,52.955652173913,"WI"
2785,2.02413563084499,1.97347697888797,44.64,"WI"
2786,1.62153831936819,1.20921988386075,39.0765217391304,"WI"
2787,1.93780283929182,2.03385276932193,40.2113043478261,"WI"
2788,2.12043743412245,2.53817263482243,56.7817391304348,"WI"
2789,1.89494370546329,1.87900028849283,51.27,"WI"
2790,1.06321036161719,0.35035063979329,68.2039130434783,"WI"
2791,1.21478372043015,0.662912062712029,77.8426086956522,"WI"
2792,1.03272019485941,0.859950397638069,76.3904347826087,"WI"
2793,1.37865657167177,1.21012773685093,65.8847826086957,"WI"
2794,2.07617534389321,2.97528552581329,80.3408695652174,"WI"
2795,1.59100825522647,1.54087972906527,63.7604347826087,"WI"
2796,2.05356616468194,2.42102491774816,67.5134782608696,"WI"
2797,2.11363290642812,2.55817058053877,60.1026086956522,"WI"
2798,2.3782827100834,2.7293371688817,55.3095454545455,"WI"
2799,1.9105082220044,1.95831733268905,55.6739130434783,"WI"
2800,1.01869034664897,0.386149318808873,48.0230434782609,"WI"
2801,2.00967197112471,2.25576689626162,50.2347826086957,"WI"
2802,2.36453875451948,2.83206178612716,50.7226086956522,"WI"
2803,1.62432652492785,1.76814960358892,61.565,"WI"
2804,2.21173862022047,2.42582688669418,42.5247368421053,"WI"
2805,2.58153348547707,2.93387999630299,47.9447826086957,"WI"
2806,2.693745476084,3.18843454640251,52.9052173913043,"WI"
2807,2.5536974806641,3.04307116869156,52.8822727272727,"WI"
2808,2.44121217615908,2.91317735494841,58.4860869565217,"WI"
2809,2.44988002767675,2.63560416934523,52.4739130434783,"WI"
2810,1.82595083397633,1.71120938648474,66.6969565217391,"WI"
2811,1.35201792659071,0.783702993246997,59.6282608695652,"WI"
2812,1.71262214866933,1.56507705482219,60.17,"WI"
2813,1.30833281965018,0.706964326113087,62.02,"WI"
2814,1.3100205837639,0.69689016683878,59.51625,"WI"
